PC1,PC2,PC3,PC4,PC5,PC6,PC7,PC8,PC9,PC10,PC11,PC12,PC13,PC14,PC15,PC16,PC17,PC18,PC19,PC20,PC21,PC22,PC23,PC24,PC25,PC26,PC27,PC28,PC29,PC30,Company,Quarter,Sector
-0.3113554636601133,0.017814480225462698,-0.46743198316508383,0.22932984219625493,0.48822242043662384,-0.33152622300567186,-0.287136947480486,0.027404864501553133,0.0074227778613014505,-0.07670271270221175,-0.031125484729874142,0.005399343218017163,-0.030594850776919334,-0.009804789890576088,0.009446351715198253,0.0038398891247536245,-0.005297224759516808,-0.007679459453937274,-0.0010837919055116149,-0.002708089415484064,-0.004636355169831154,-0.009299526213993643,-0.0004879156765314815,-0.002219583513704843,0.004164601261094581,-0.00615973986559745,-0.02530525506885223,-0.01324204981618544,-0.00895387047901071,-0.0014885823702216181,delta,Q1-2024,Airlines
-0.29413379291321456,0.00499512455787571,-0.4765373526886399,0.2254623955059528,0.4895205246528788,-0.3357124118569384,-0.30396978799437774,0.007159747776296446,0.014401304994909409,-0.08180624748032664,-0.030842431410513318,0.008997708512586057,-0.031904270991651926,-0.00977663353173204,0.010324289438489738,0.002362519031243368,-0.005709397163939464,-0.011240121767340351,-0.0036633228236733944,0.00126006857805587,0.00364164105123906,-0.0026047433232670378,-0.002517207561761439,0.005723681518520753,0.00033887190789772193,0.012377856405192659,0.0030747562559922214,3.245448641053226e-05,-0.007316664622234363,-0.0040002916787531696,delta,Q4-2023,Airlines
-0.30729711781370805,0.01934856207444947,-0.47071317720042505,0.2298224514322591,0.4917416988025996,-0.33065652829536135,-0.3005762856399861,0.020844706376353047,0.011520878182386039,-0.07499549235738558,-0.026640468580492682,0.00616247806612291,-0.03259998073890499,-0.008837487263771628,0.01121409602839469,-0.003375743796564714,0.006375661245555664,-0.01349525129626581,-0.004349631785161444,-0.0016688921564295043,-0.000931027611308738,0.0010628689367556178,0.0012469471320908675,0.005679843419177695,-0.000295521432793991,0.004046861507696144,0.011116664102817595,0.001302612146991368,-0.002725024563343487,-2.7224680130572303e-05,delta,Q3-2023,Airlines
-0.3087807859752626,0.01475925526175761,-0.465872965787623,0.223948957990525,0.5079362611752779,-0.31632850854893624,-0.3123455456100973,0.017539263338056905,0.016344187873447085,-0.08479646632076707,-0.03766476458211053,0.004746662364518327,-0.03537729057414584,-0.008784004848775612,0.015154659258355128,0.005096393215981541,-0.00039838121594209115,-0.006681092221538835,-0.0013108256392733966,-0.007778931448216498,-0.00586693658686721,-0.0017711363124577144,-0.00453791365116489,-0.009974168834817988,-0.0036091700553326175,0.001245586883735126,0.00818753122403943,0.006671511829930793,0.011748612057522072,0.014986417407927414,delta,Q2-2023,Airlines
-0.30229613690075713,0.020955541414219993,-0.4666490839150056,0.22896917946713666,0.495777443052184,-0.3329882995023423,-0.29765604416721375,0.02012742301449898,0.016491712877451336,-0.07661515632680851,-0.022364750671164762,0.003036872944488697,-0.03040389739076985,-0.012902266234238605,0.00955837813031732,0.005508145188400639,-0.00018247390223806632,-0.007660100681065743,-0.002173645367848017,-0.0024732030322656487,-0.01597618747476979,-0.003528147323817764,-0.0003318572832394191,0.0011688211353790576,-0.004735637773204528,-0.007892689209773266,-0.018744816665205652,0.007522333053157138,-0.007968281166898808,0.009650947370044422,delta,Q2-2024,Airlines
-0.2867690856646644,0.0032579481741542753,-0.4697501394403762,0.2162932167614987,0.4663254739669055,-0.3096490015487193,-0.28778225544251523,0.015316221925827848,0.012494335471235048,-0.0768590018683897,-0.035968801699093424,0.017346474091108326,-0.02978078516158213,-0.01845376382096031,0.01600184960774515,0.011845243764749184,-0.008044759996659207,-0.023523472084100324,0.0035472834282770423,0.011146748843891326,0.005085642863820471,0.00373187544398607,0.0020918043571152255,0.002151445989589389,-4.963512583626609e-05,-0.008612635197985344,-0.01743166726255132,-0.0074845613508121005,-0.012621826125538058,-0.011885217122628682,delta,Q4-2024,Airlines
-0.30235035525500775,0.01345832628189475,-0.46340732473680807,0.2259114628925121,0.49486927285091376,-0.3252765823961661,-0.2979798411303241,0.0229878190830316,0.00958533602978552,-0.07405333954393907,-0.033351903256618326,0.001967918224353003,-0.02713617069487274,-0.013144618023711528,0.004994023583641804,-0.0006790986730793444,-0.0021341491791235807,-0.008054634292815194,-0.0015404599726641858,0.0002571073409316243,0.00430528705032165,-0.009572991864054201,-0.01147723070897373,-0.0027831410950278257,0.005103951597814434,0.012384817815139143,0.023444613739895738,0.0092724867257829,0.020661425882432388,0.004517836782288863,delta,Q1-2023,Airlines
-0.2982356135154272,0.01607057202377599,-0.48601987931337104,0.22367856465923888,0.4865476815514862,-0.32509798757743624,-0.3084132111165583,0.019820400787890387,0.025611890562406994,-0.07663922313262142,-0.03169513966308703,0.007997346341097167,-0.018974367057930756,-0.014094658675425047,0.008510300447202331,0.011710311499689376,-0.003561978331379096,-0.010843173040640528,0.001916633491953874,0.002464546182924278,0.0022994748086635525,-0.0011285889601215062,-0.001062750466454211,-0.003981374877112986,-0.008680719427973469,-0.002764509058393912,-0.015926456641708175,-0.005200478686982473,-0.006467329849518054,-0.008931860883838794,delta,Q3-2024,Airlines
0.3286252421001509,0.11012307754533113,0.19947722033180032,0.0057779686999026615,0.1882050997299545,-0.02491490742304634,0.09164005362447329,-0.08390116920449142,0.015902699848155618,-0.12068423585101705,-0.012731825191377317,-0.039468660523619706,-0.14905291383000518,-0.01879284131602436,-0.050888067405172065,0.4733588609086473,0.00213415955095912,0.03501186191522192,-0.00015359053885808418,-0.03933492748650625,0.037889770257828824,0.0035632634156665126,-0.0037415293639443685,-0.08812318600356712,0.34403028717550044,0.1337653394192027,-0.025320585519432833,0.06102698845820931,-0.032339641066814105,0.008096464491411907,intel,Q2-2023,Semiconductors
0.34634477784861695,0.13536552112461875,0.19502645765961896,0.011310573473761578,0.17503859789149387,-0.022405524207385022,0.059690832299479024,-0.0751253009467685,0.0019395594428866306,-0.14259321397229693,0.0123188595779917,-0.04032312648331592,-0.14643435638842728,-0.040154446094302715,-0.03896263804218724,0.5299682247193694,0.003841857158042668,0.04846659049367879,-0.006270654381850427,-0.022590487298587085,0.020831774464180015,0.0013902873979843792,0.011270416784534082,-0.09992847427558177,0.24869511377840609,0.08300322007193148,-0.0052574819119289695,-0.0003409929118316658,-0.018386204286882177,-0.021762640112642204,intel,Q3-2023,Semiconductors
0.33391389855084563,0.150626222298244,0.20739951123272407,-0.006256159263732744,0.18642607461904806,-0.02024533373796069,0.07066701400502773,-0.11666509016026867,0.011355950859180713,-0.13457186213907318,-0.005232796062336624,-0.04321185159749401,-0.19062711987563732,-0.04233137325130353,-0.041104938378942996,0.5390939576145778,0.02758958535572497,0.0552504910251555,-0.020155256260872462,-0.01503223769801657,0.0398529719263726,-0.002096479031608641,0.014216636444361585,-0.05124144107937654,0.08917578609733286,0.02244193371766327,0.009883045905668401,-0.06882291535489114,0.05579185291163025,0.016727387962532272,intel,Q4-2023,Semiconductors
0.23009260565365183,0.12767859176065402,0.20560038068427874,-0.02250861492157036,0.17071549559808843,-0.02260671654193282,0.06338549434423557,-0.13816988797153018,-0.009029995312913777,-0.13861034722709303,-0.02088446303294354,-0.02485802859201453,-0.1518316546649594,-0.05119557532503661,-0.04790639438664021,0.5848211555936792,0.05264795013684385,0.05273503406346084,-0.042396592682976166,-0.011322561958038454,0.024523199626942473,-0.0036603283457419308,-0.020542936222406067,0.007835832719032829,-0.19439910895289164,-0.0390696382333161,0.04760096705866679,-0.135034417032771,0.05091238620701052,-0.0014808988726068935,intel,Q1-2024,Semiconductors
0.24024385872892723,0.07896103143674232,0.25403889964556947,0.0378553028721749,0.16468831131632902,-0.02410839959445412,0.07750104801142582,-0.13244913281513038,-0.03334777834115263,-0.1505759066053425,-0.07488397917382711,-0.011810003121537986,-0.1374578749777356,-0.04543244437341563,-0.03624049622441014,0.4810586617277286,0.005633206587097967,0.04234011383238135,-0.015620595169097563,0.024093304352187882,-0.04670712861242612,-0.03789399889361929,-0.0323956762365272,0.09813062578204114,-0.2241438660670368,-0.07642101789218278,-0.009847079220946743,0.048412915254637146,-0.05936637984509791,-0.03832130196325507,intel,Q3-2024,Semiconductors
0.2740724285807551,0.11434668062716205,0.21355105683284478,-0.007855507860401376,0.19649018002695473,-0.04909715900927012,0.12443973088036356,-0.12965671962823438,-0.004093593820289196,-0.14316249046758261,-0.04991017705123488,-0.022257858671218128,-0.178411807233877,-0.03734505389013884,-0.033073080676037175,0.5151036776831357,0.02735513217062715,0.048920372204673164,-0.011094708870656113,-0.02274986564643378,0.04034232320638629,0.011488643851048178,-0.03116243435409248,-0.051153135685028925,0.26790113617056116,0.09180294355412025,-0.0034106341712882866,0.029373309309020674,0.0027480578828111496,0.0393480039643453,intel,Q1-2023,Semiconductors
0.21266157733744617,0.10004766205014294,0.21297331231131733,-0.008941017706073933,0.1770247898213973,-0.02698902854121926,0.08864724863511521,-0.1472524348556386,-0.004715084201086937,-0.11765764022737953,-0.038892189820066835,-0.04481736790020429,-0.12354503058919442,-0.04925786736473378,-0.0197022920572759,0.547434828016659,-0.004059288843103018,0.07061437714740446,-0.04270814515428638,0.03200408564506717,-0.0008705368574566525,-0.014893576787738741,-0.029460251669734545,0.11373538339979264,-0.312595748731182,-0.08235442059382471,0.05576090763424451,-0.11515397208663583,0.024507892984139718,0.05537179106894112,intel,Q4-2024,Semiconductors
0.27816718745839475,0.09671910011628582,0.21895479492712014,0.005752719040463377,0.17137359789365605,-0.01864766361396551,0.07196751888286401,-0.1349516301928383,-0.03466376852421642,-0.1508963376021612,-0.04518645380474889,-0.018508481593719373,-0.1487098289715531,-0.033108028275525336,-0.03066488349387071,0.5141637321514954,0.0049875229424867305,0.057885264855191604,-0.026178475401378333,0.036873624153385125,-0.02244392060431481,-0.030157872713783652,-0.021234793208024443,0.0693032208481299,-0.20449049483391826,-0.08132260718721594,-0.044204880563944615,0.12395826586634917,-0.01614410119126911,-0.06376377756189304,intel,Q2-2024,Semiconductors
-0.3194565886663004,-0.04579039719806203,0.4971646986221822,0.6779130550243425,-0.05371937741755509,0.10203944379300807,-0.13128079257623068,0.013672546697970238,0.10562596535380107,0.09456006809470384,-0.01623628834755475,-0.016344234420615725,0.06917474773947782,-0.0017301108849858923,-0.024664252191182092,-0.02185526048553596,-0.028081370706310282,-0.007665326989768833,0.010730903553540517,0.0008816966840302959,0.01637465663534279,-0.0021994096404735213,-0.0009583815362033983,0.0005236406093211629,0.010139485928386835,0.004174388832681787,-0.0009116932390022502,-0.0024264826331803877,-0.0017478642692151086,-0.005504537815455457,united,Q3-2024,Airlines
-0.32315829627937015,-0.040707115634339604,0.49413248152120537,0.6865281869498914,-0.052809929942342945,0.10430880389810063,-0.13169018770557644,0.01141487877287418,0.10938346118031987,0.10123821269137992,-0.009313178369011682,-0.021163126940993347,0.06672988406675062,0.004222687240869351,-0.021686451633393774,-0.029135909868360656,-0.029615477886613856,-0.002337725907047627,0.006443274600353378,0.0012477895421422033,0.013113240034646036,-0.001717363548329651,-0.00126105701800001,-0.0018792629420239526,0.0005545782855931841,0.003620930101752232,-0.0001808115243678443,-0.001180380556180378,0.005828983726308271,-0.0007378597482995606,united,Q2-2023,Airlines
-0.30950557879100304,-0.030285855831770597,0.4888909122895935,0.6801781452553762,-0.04389522198777197,0.09198652934426278,-0.1247783509458314,0.011020881851963498,0.1027601999952679,0.09973664530820345,-0.015154301650064601,-0.016498184866589594,0.07302634595210514,0.003934197797409788,-0.023795890666593378,-0.024729122852034612,-0.03580243219265974,-0.012386401092231875,0.016277396328009314,0.012376971592733476,0.0029235895674998695,0.0009788731676178023,0.000577244259523515,-0.010199920937049174,0.004717480298284307,-0.0026552165752790247,0.020732339732266673,-0.01013492073352913,-0.002753200962860791,0.002635119755836248,united,Q4-2024,Airlines
-0.3189839070095392,-0.03876284717681154,0.488704310420153,0.682487165776759,-0.045696162459533875,0.08966854216065928,-0.12689906201012055,0.014104576335884382,0.10675992519348572,0.09881607553539917,-0.011492748684355129,-0.0177132140376094,0.06806830058734746,0.0050268476462609485,-0.021101489315691325,-0.026792017222424653,-0.03817679205397504,-0.010405617019210377,0.011759599858685917,0.013047225577319887,0.004222056611489615,-0.0002552991012844883,-0.0011780006866091142,-0.004328504779345161,-8.735826505803699e-05,-0.009962424920740516,0.003055051323439017,-0.010760534144863504,-0.007543347103624942,0.00047353296233716425,united,Q4-2023,Airlines
-0.32171151981439927,-0.039954806994369124,0.4976239354922442,0.6844446025361239,-0.04800438514472293,0.10049235314624275,-0.13357293179593088,0.01542029875137006,0.10583027369767338,0.09982368180539504,-0.020682562230700748,-0.009443435002601934,0.06833401019107396,0.0021436597534069215,-0.01999870586095239,-0.024003297587807143,-0.03207053771656582,-0.005503105835863466,0.010122627658266634,-0.002562785150869963,0.007100340869218236,-0.0027686483271778593,-0.0034249873316464638,-0.0005349483918410202,0.005826363431802204,0.0070958326770030646,-0.00552296524722784,0.002311213161716759,0.001431216836062874,-0.009949855423066967,united,Q2-2024,Airlines
-0.3242407645408358,-0.04321347645901485,0.49324271540269765,0.6899739325608735,-0.04853863501138324,0.09816446533561611,-0.14138156138305752,0.014531601365520362,0.11085516273896125,0.09706897301500973,-0.01731178230705139,-0.021014463111859005,0.06853816850832928,0.0018684253349926998,-0.020578855498841905,-0.028268203337331002,-0.030964470306615456,-0.0018159080367103001,0.008158382272320488,0.00037418691189741265,0.011729380085019033,-0.004751871029324501,-0.001381120389745661,-0.0008629985173408172,0.006212274669927968,0.000547644442515903,-0.002164648863376736,-0.000595743861281182,0.00214992792740376,-0.0017926642887514971,united,Q3-2023,Airlines
-0.3141989903164166,-0.04910475075075128,0.4764197665218579,0.6537731453320939,-0.05949402975392014,0.08912442994337616,-0.13633216426005673,0.024305641800902052,0.11923197728297256,0.10435372337853256,0.0030847853068166863,-0.024665951057652225,0.060670612776180535,-0.0013862077890643106,-0.019030894793253053,-0.01628602624418891,-0.02644803049533293,-0.012358829087482431,-0.00048269382321074005,-0.0033203057655537185,0.01640829760881811,0.006214480468339872,-0.002708749400191065,0.0074136836498678955,0.0038922547130756427,-0.002324373967982409,0.008845081936220684,0.0015492305674870929,-0.0011997065451889314,-0.004890080930860469,united,Q1-2023,Airlines
-0.3216954221182175,-0.029667359687012677,0.48819753373850133,0.6872570264482339,-0.057818937511504055,0.10099933333682236,-0.10843111224144944,0.01581428745249488,0.10678544050732347,0.10093018749339235,0.001037824955048575,-0.019207849611027818,0.05942674134431487,0.0034781833833799902,-0.025225598556897367,-0.02225859042836733,-0.029070187626313044,-0.00753860650087647,0.0021881163357289745,-0.004987945131115291,0.011034617918108553,0.0025541270251157426,0.0020610487817156256,-0.004435486817033313,0.0023720475736246816,0.0038811798377972216,-0.011427715833463593,-0.003586824896995669,-0.004481289079357147,-0.005636039975735101,united,Q1-2024,Airlines
-0.06424206497084488,-0.08372285401367739,-0.20093357059613795,-0.01778063297199241,-0.13746727740875708,0.07215706206745356,-0.057080735492845945,-0.1727613972925302,-0.28812816676180336,0.6165038204344306,-0.054547824973426515,-0.3100837384689894,-0.21502857379985896,-0.026053305660082116,-0.006531838662924298,0.06675012630340739,-0.014931211483196023,-0.025337835327590714,-0.047455827481310504,-0.015359354777001297,-0.03414601904675595,0.007475252487814312,0.0023282648783648904,-0.02202708858196263,0.005190200731174159,-0.014121974754243568,-0.021390992232751132,0.007300228301930796,-0.03603623920061147,0.03597102404650313,uber,Q1-2024,Tech
-0.08437936475482093,-0.08338298455764825,-0.19656354072845625,-0.03750737243554173,-0.11153115461400787,0.05169864352668018,-0.033022667703449214,-0.17824476867086736,-0.2534456024492674,0.6237603507148468,-0.06216556848173624,-0.2952756701283268,-0.254739343317883,0.019678613409678098,-0.047269455337496984,0.06495429989812634,0.008402507406089903,-0.004289994814037511,-0.012945075334681942,-0.01084738912282462,-0.004233157880403503,-0.016254227842888977,0.006920662244111683,-0.019240041495063663,0.004407195268501496,-0.011848965465594597,-0.03547341725764734,-0.014824811585921362,0.04841348757839573,-0.04667289806568903,uber,Q1-2025,Tech
-0.06876463028961,-0.07816843494909892,-0.1884674278108952,-0.021446465339186913,-0.13701860813235733,0.06936063005232589,-0.06088441735511568,-0.17225514289082697,-0.2757596219115766,0.6158284544230382,-0.06428062047334382,-0.30732289100138427,-0.24644244266443152,0.009697459163532736,-0.052816628067330146,0.07440868836174712,0.00526650089350064,-0.020281051305968596,-0.04445866716734296,-0.02992192580581902,-0.03869783311644274,0.01032935740068471,0.013393887959051514,-0.04522092137944199,0.031636615684355114,-0.06133794676937104,-0.19352153613733736,-0.04926497577593404,0.0011514256280617523,0.040307724891658174,uber,Q2-2024,Tech
-0.051784502251375285,-0.07448107748275606,-0.2044343822039035,-0.011337960003382733,-0.14972827450169554,0.07769882274524724,-0.05157900095474478,-0.14798581799041252,-0.2504500324051698,0.5532024588510955,-0.04874904816945469,-0.2719467144822802,-0.21456057240351892,0.009400853956014461,-0.04340557172608164,0.06670095977063963,-0.010858765501376731,-0.044726603450710285,-0.029209162199195705,0.000902827150337145,-0.026397972722104254,0.007670675672501179,-0.00848774401481066,-0.02514471798765245,-0.009967549308049502,0.00813211874581672,0.12908998603244937,0.048350460309112206,-0.07540967112922499,0.08204438245788342,uber,Q4-2023,Tech
-0.05709985877316745,-0.09540835390548183,-0.190868495970927,-0.0012255794044947047,-0.13075574079982527,0.034225090687783566,-0.027903244367668452,-0.12180044837563826,-0.20067343842264107,0.39649495134397494,-0.046148323065098716,-0.18688501541265495,-0.1487371648332441,0.01745401537908658,-0.03974684961081544,0.030828414032889204,-0.013057434357179813,-0.022459190241976883,-0.0038440995157677997,0.029326978268852562,0.026751992424499323,-0.03617528612219958,-0.030780363859268016,0.0817685331390605,-0.05219190991148143,0.15836413481316577,0.5206627791864424,0.1769516424710515,-0.0489746748928239,-0.054413702939173504,uber,Q3-2023,Tech
-0.06763901665546489,-0.10276792140179167,-0.21554362368971455,-0.022073783544399442,-0.15380197410399127,0.06482472003523913,-0.04778999307544036,-0.13688679266079115,-0.24827092499891015,0.5803089968993035,-0.03859437442964474,-0.2664453027255574,-0.2537901520810271,0.011391694418805958,-0.034418696194209036,0.06266071224938458,-0.0027416134423696595,-0.02051614913963344,0.006807860021379982,-0.001184539319930744,0.010757932513657129,-0.01601238323836077,0.0023876101681367013,0.024723133729947753,-0.010594262805677964,-0.010342682569465115,-0.008280944520179884,0.008705734548695943,0.021933912539884873,-0.029697103242854517,uber,Q3-2024,Tech
-0.061748553652717794,-0.10380647215287656,-0.17941832629119106,-0.03138499890241524,-0.12575624849097103,0.036675167987114406,-0.03815515020561865,-0.15142250544397562,-0.2605997035679913,0.576333927762618,-0.033976895238540396,-0.25563506837964584,-0.21584251529804246,-0.020758185857026875,0.0009210816864669977,0.03363771173581553,-0.003773967854528306,-0.023480862484472006,-0.04559059133808948,-0.00525206374629756,0.011351720075687518,0.009123558825491273,0.005678119243851633,-0.017175029409277804,0.020875079978853794,-0.03158805318519371,-0.2459479397210898,-0.09991982373549077,0.05571635357995325,-0.039554356829820156,uber,Q4-2024,Tech
-0.10956658816105898,-0.053577164672489345,0.14973366962369217,0.026267497799405234,0.03483257207532764,0.010632812501570929,0.15289168058656827,-0.24444636745980963,-0.2683040653648046,-0.1453461071395402,-0.2810079793498294,0.4123005785407028,-0.36556086695923096,-0.012173164889218876,0.028240352154434305,-0.20433271723306273,0.031442998380401085,0.03219646692599004,0.01655825048954553,-0.08924249670237176,-0.20971295999400613,-0.0720256819190669,0.007154914998179123,0.029487289502903524,0.01900745779671599,-0.004038838777009813,-0.0033264381183587266,0.020003216058001757,-0.07625094265852442,-0.0814241268733585,3m,Q2-2023,ConsumerGoods
-0.08146458526047969,-0.11745099799878712,0.02041296629127179,-0.060664244775383444,-0.015316728968429732,-0.02946210960981335,0.11895927517321303,-0.18888309737320466,-0.16699539470077843,-0.0277911911557581,-0.16678769648264974,0.28127207941585614,-0.17982425077154626,-0.00432868552572284,0.015613763973320139,-0.15320825724016596,-0.014545133975854082,0.06263130291034015,-0.012439415227276224,0.23910972667012365,0.5671957321944818,0.1698652196746836,-0.019986861032309688,-0.015194228716382712,-0.020556103265745064,-0.0217648535456012,0.014843502844285286,-0.033016085906257535,-0.1270931119369015,-0.09948105328362666,3m,Q3-2024,ConsumerGoods
-0.09486996397343815,-0.047545328235102526,0.12473726344930193,0.002848627258036072,0.028543633083715075,0.014460969835971695,0.16368221238754332,-0.2371631699056543,-0.26923961420734,-0.1392794637569366,-0.2662540263187831,0.40494641975885315,-0.36686763889280055,-0.02026030156107169,0.013651444505255345,-0.20780832728786744,0.0403507698677765,0.008612796200065921,0.02406766290815686,-0.09038845609989644,-0.19674070008207728,-0.05797538163927524,-0.007398191188080354,0.03779905909980335,0.016175795808006273,0.01626274404223884,0.011008118066405054,-0.005825353364875103,-0.09652965267844274,-0.12814579703992918,3m,Q1-2023,ConsumerGoods
-0.12609365580594487,-0.05955622255521282,0.14600941670735182,0.04300307152221972,0.013606147786309804,0.028979003468531887,0.12300624051691131,-0.21434943978674684,-0.25342260903264074,-0.14333018383328097,-0.27094818607819027,0.39204215655780883,-0.3668728384721723,-0.003931205369426663,0.01667458466870316,-0.1982111424147663,0.0237966872342104,0.02104868604447674,0.03390305759717616,-0.10020310808856485,-0.2466917105045492,-0.07123407517680089,0.036110326375990036,-0.0327212507799791,-0.021213151424816706,0.016984000858313864,0.0005281764781806084,-0.047098638073748096,-0.003960225873646715,0.0013983951731389114,3m,Q4-2023,ConsumerGoods
-0.107642867798701,-0.0674560323562867,0.12456456812503802,0.009414549873153552,0.025116808783129736,0.010246476881343471,0.1553868922867554,-0.24468592734174935,-0.2788542646003024,-0.1393797300997462,-0.2831055170257424,0.4190499893326589,-0.3740537934681294,-0.0016386914113033046,0.027514252066757346,-0.21975499783982563,0.023463794888122856,0.038038967825560474,0.026382740246281892,-0.07050921261215955,-0.17417303403602133,-0.06688855157814481,0.003169361383968319,0.00880109442235029,0.016992257623895644,0.004451283187381793,0.02910182599984914,-0.059802443001279904,-0.08608540165026872,-0.0757941171790731,3m,Q3-2023,ConsumerGoods
-0.12088141134445338,-0.061403654242390075,0.1387684316525767,0.032105876666170985,0.021186174983373645,0.037130617116485354,0.12456318987600187,-0.22544512740795347,-0.2545771201934307,-0.1379335110733781,-0.2726493223033873,0.40167285338024816,-0.3601625149679857,-0.005432261843725051,0.017399369566335254,-0.22438011284921858,0.01641828730521554,0.04486745446296848,0.03366139155812243,-0.0622876805340649,-0.12619669911091078,-0.042824705698267386,0.02268622761655289,-0.07324282462291354,0.011472714837174372,-0.004041710249200356,0.003877208029836377,-0.01024229417869092,0.18836965833030675,0.1788142063781121,3m,Q1-2024,ConsumerGoods
-0.0914857648183655,-0.11052604587223669,0.05646448214962689,-0.052518216062483095,0.01221576602330567,-0.005664438548913041,0.11459507388574537,-0.183953591134489,-0.18300748613020876,-0.05519150468473751,-0.20344391559116656,0.3036786505733012,-0.18648894332946084,-0.020584287620079682,0.0073285718048775855,-0.14594661738111867,-0.007930840738190675,0.06460567310873506,0.00042647652548966113,0.21271363161247414,0.5498359510310393,0.17730698537136227,-0.008371502908624246,-0.013510553131715345,0.012818333531559156,-0.06713189012764065,-0.01425196504187605,-0.047457142868620315,-0.13104802433982354,-0.060381505244158466,3m,Q4-2024,ConsumerGoods
-0.09047806165096096,-0.11690545132112354,0.08252537700756424,-0.021655120964825806,0.0012270152295885677,-0.00514497354966889,0.09664161962676807,-0.205656143584897,-0.2053630450331359,-0.08241957381729881,-0.22248386748762436,0.3280281090316443,-0.26984709816359964,0.0016870569844255818,0.025708384071819856,-0.16363782551896833,-0.01030655229909171,0.04960113753364937,0.018366492780715598,0.1079137568707295,0.27130225916080963,0.06657745602424457,0.03626177249108117,-0.05425540294852618,-0.022766754789762433,-0.01081961860558037,-0.017923778888235833,0.12240957275136917,0.323766433608714,0.27605267018591645,3m,Q2-2024,ConsumerGoods
-0.2369186492315348,-0.2090094944563811,-0.04196003785977327,-0.1439289216359848,0.28114199447464516,0.5371510378729738,0.01904145024956179,0.005068596861497874,-0.08840037179219927,-0.1212523613568323,0.1494432498444553,-0.08155850501908522,0.04593639594906976,0.4180155168747078,0.2661773052836425,0.01701136881384866,-0.024326896795802005,-0.028999690092292807,-0.006524650951388461,-0.007321287818859819,-0.005692869773819941,0.010218796707549271,-0.003340592793588443,-0.005180262209524409,0.04024001199261085,-0.0847566810944059,0.052514887577137175,-0.02114877983864365,0.012265957660616554,0.0002973676410770896,cushmanwakefield,Q2-2024,RealEstate
-0.24680438655433234,-0.19319674586430524,-0.023545854402640468,-0.11194980640693564,0.2599527599833691,0.5115685711703877,0.027528721561001862,0.0026169524355404692,-0.08337128901127987,-0.12690567033497638,0.1390107925965596,-0.07270682539136322,0.028636619404453216,0.41066446748290153,0.25486383996587303,0.03266009770876299,-0.027448636000326612,-0.007469545106008545,0.006210341869151887,-0.00021791411932974226,-0.01268261447361177,-0.01471909726383111,0.00360284393532958,0.004706121927006161,-0.02915107603730481,0.037844486910601764,-0.04347666743429021,0.030888895597023115,-0.02487558473825552,0.007951131554088074,cushmanwakefield,Q4-2023,RealEstate
-0.17547638451418004,-0.1973848865595864,0.0185325152705277,-0.10827564301488568,0.10761228989275382,0.2670938029290771,0.04083820892700766,-0.007024144148943967,-0.05938787244547859,-0.06016403256465173,0.04925731953404481,0.015016874607216185,0.0362621043827719,0.2608300675120175,0.15304016474456208,0.004568172553599949,-0.06792972600946691,-0.02537341607481152,0.006200576180719625,0.050366548747356535,0.048477544334921165,-0.03291010407117552,-0.061636057203308454,0.037283371110185634,-0.23813512708642617,0.6035859952415095,-0.23576903887456427,0.15665053871552698,-0.001882975932131714,0.0014655228516065452,cushmanwakefield,Q3-2023,RealEstate
-0.2384638548013643,-0.18983890830492625,-0.04774187610178347,-0.1398389836543596,0.2818981687403752,0.5323680228123316,0.022478900947184757,-0.0081442788061672,-0.0906318908269772,-0.12526503694149688,0.15339750353372097,-0.09695327371734258,0.05846384516228631,0.44979298072387686,0.27594535257875447,0.018080767116831566,-0.02216656960271592,-0.004631406807886549,0.0009589566805998718,-0.0060802153885150916,-0.01204034796471903,-0.0004610773645811143,0.0016493594167605347,0.005128520635782723,0.018311456721212625,-0.03654899487405537,0.0022898748003983313,-0.010630244864537695,-0.005825841801529117,-0.0034167028336009445,cushmanwakefield,Q1-2024,RealEstate
-0.24207610601045448,-0.20724322084723507,-0.04864261747528406,-0.13840176503352505,0.2665038229637332,0.5271831091879486,0.011349003872040296,-0.0058590529824675865,-0.09849644517289567,-0.11782202980871649,0.1498795540300247,-0.07353782267761202,0.054914762430442354,0.42885497259165506,0.2779102886769157,0.01623137383100576,-0.02094049850266812,0.008475485820461018,-0.002576551406618976,0.012259054112573662,0.007371380973055274,-0.019691336957417736,0.0006029626135485533,-0.003867634601397442,0.007284632286260063,-0.02419468881349219,0.006714696011818366,-0.02465656431788581,-0.00797217618188443,-0.01033250166616957,cushmanwakefield,Q3-2024,RealEstate
-0.245874024984176,-0.20184782280491062,-0.02020656863241837,-0.13608646815650355,0.27597106452811465,0.5399599337251213,0.017469326683884713,0.004411886812765445,-0.09686665701789546,-0.12020699398116924,0.13768070336517532,-0.07836381931959267,0.04923159966382575,0.3996486159968324,0.25135803435944976,0.007753334496598641,-0.020332242732020757,-0.028167642054676215,-0.0035133519613631454,-0.015466689326677512,0.005305014323408068,0.02741836546317726,0.00431162388972422,-0.0122244629037456,0.05371334112607667,-0.10470791255579773,0.05562153466663659,-0.036905155830649294,0.025240844209278194,-0.00039909192306719816,cushmanwakefield,Q1-2025,RealEstate
-0.243221635620929,-0.19062053306913854,-0.03206386554925879,-0.11993276761729874,0.27392475869691824,0.5327167646745065,0.01159112120775952,-0.0026081416578109485,-0.0993396231570525,-0.1296993146205717,0.1546477031057728,-0.08569489402981248,0.02961205749504277,0.41200725318836434,0.2792625032927743,0.025505050014916406,-0.0014149660177835421,-0.01122134353596877,-0.00596969177658067,-0.011258893384353135,-0.013735874001800433,0.006729141534325437,0.006439015538559556,-0.007490105638240264,0.05974025992353376,-0.13513241696196637,0.06254992806419776,-0.03556487073895376,0.006472205235364818,-0.005327644735934987,cushmanwakefield,Q4-2024,RealEstate
-0.11839719526241249,0.614755145932818,0.18464792926047444,-0.31014729641250577,-0.06261853343795622,0.059439910801713125,-0.3534911478264102,-0.17360779934973553,0.07530920817159507,-0.06267916149984057,0.12695708454200674,-0.07393414496004862,-0.071695360465279,-0.021927841510221292,-0.030799517706169195,-0.08242711786058483,-0.027913868331905834,-0.0001362969378083504,0.006337548609160102,0.04172973956355388,0.009540736836599067,-0.004679805702849802,0.3929778172784992,0.07277659381801217,-0.0023954943244282527,0.045392871305652484,0.019933789271958317,-0.03947806407419995,-0.005550351277202138,0.006122031902434202,tsmc,Q4-2024,Semiconductors
-0.14375183706470865,0.6224393974085902,0.181574179921743,-0.32121764486483645,-0.07128679881818446,0.06064660087770977,-0.3670155398038808,-0.1865572950135592,0.0784738660172547,-0.06228598284087831,0.1339822948735876,-0.06782926747337999,-0.06174544332405512,-0.02039471590012236,-0.0349515765168124,-0.08889379987049564,-0.02588590060003469,0.0016941192140521952,0.011091363341619967,0.023503663390288535,0.02434181309368361,-0.006379164267998285,0.3651762492604745,0.0723975356664512,-0.010230954792079534,0.04780912822809542,0.018273818903404893,-0.03683817124039819,-0.0049475199266822275,0.008384968861694451,tsmc,Q3-2024,Semiconductors
-0.157784031821575,0.6675100990762042,0.18863258484858478,-0.32858966298929415,-0.08923636009806796,0.04858192198397988,-0.33384101256318544,-0.20602410164709895,0.08701136508257636,-0.07815356387917165,0.17759816694575697,-0.06252456207287013,-0.10292527651423763,-0.02973975617658732,-0.05563656708913719,-0.13847546160039137,-0.033637242031628316,-0.022465605771604318,0.009095211899685523,-0.01249470322342073,0.001949222736996957,-0.008223447746714048,-0.20776374537315664,-0.03856460994063598,0.01407202884144833,-0.014782894281372147,-0.005837895757393822,-0.0003674661328622136,-0.002834969908291001,-0.0078024043299949235,tsmc,Q3-2023,Semiconductors
-0.14774909271743272,0.6519599341836302,0.19250858846352617,-0.3283181868439725,-0.08695597439312044,0.05059088993630051,-0.3665625142198918,-0.22503873132684102,0.0901055731037882,-0.07104670337413486,0.18330638254895404,-0.07045237372874394,-0.09825632838348694,-0.028480627483777044,-0.0504419188668565,-0.13797128585340318,-0.032090227863900915,-0.023095017730625444,0.0043692943039981514,-0.002877948903339838,3.155501890212573e-06,-0.004571204827813316,-0.1966500931752697,-0.04602968263987866,-0.0013765321872586712,-0.017652808787576486,-0.005728763632118244,0.016490771068198237,0.0020241291912958116,-0.005843636692871647,tsmc,Q4-2023,Semiconductors
-0.18898381633916886,0.6513134028556423,0.1925069990341161,-0.3273960660941298,-0.08566444200923644,0.06027373072785574,-0.35226079106845304,-0.217497662668894,0.10241330473548757,-0.08573940584606435,0.17841144418901828,-0.06867869721240336,-0.1148129639795426,-0.02801809424307975,-0.0546727974696166,-0.16540007872806473,-0.0284508348665482,-0.01851676188980786,0.00432196190469614,-0.015006726975911057,0.002571830033037249,-0.004615030958632979,-0.22923829047043517,-0.03829632943976235,-0.001746013045008667,-0.017727582061045053,-0.01312591273949159,0.013000230722200036,0.0031842223388203112,0.007520572862604366,tsmc,Q1-2023,Semiconductors
-0.1540451385010147,0.6593494094242326,0.19504945393270207,-0.32929066016025077,-0.08431461496470252,0.05301699222501944,-0.3569105492616031,-0.2121246079407448,0.09935439664730379,-0.08060855421165772,0.18062443451856355,-0.06601373075143617,-0.10426527519624919,-0.026781862266407393,-0.054174457087041245,-0.15465561494809751,-0.03293076036604317,-0.018234126285924256,0.005635460951013388,-0.0016045622584543282,-0.0013062558332583238,-0.0064921648585226305,-0.20764043238201402,-0.034590451658254036,-0.0023843642567449867,-0.020050518548001894,-0.013210117095304511,0.016559939812512553,-0.0008044340488684238,-0.0021219866604473272,tsmc,Q2-2023,Semiconductors
-0.13438207012402997,0.6209333993935121,0.1836247185447917,-0.3165023911755178,-0.06298440190066029,0.04760620242264429,-0.34833376855101134,-0.18558614567374718,0.07580481243107116,-0.06142864840800198,0.1321860539277364,-0.0742504044352115,-0.0639071010715453,-0.025439970060365597,-0.027729181832577436,-0.07627493789365036,-0.031508052510766806,0.0018057140015130416,0.003586508424219844,0.02425959565143523,0.022794188988475104,-0.005274342826564351,0.3683695518061118,0.08797333293381199,-0.008450900801429413,0.04118953636422829,0.02186367695918696,-0.021540205872114422,-0.007609120946903966,0.010844958282582915,tsmc,Q2-2024,Semiconductors
-0.1387079658607507,0.659481115406113,0.20033706953685151,-0.32751682189696735,-0.07905022109920294,0.0546193601192207,-0.3594781202611834,-0.21515580469740136,0.09283958178615288,-0.0756835460284338,0.17607969883460184,-0.063129671141045,-0.08718651878412614,-0.029809539160230467,-0.05049162001913097,-0.14294609912563475,-0.03804036697273947,-0.020838089414542085,0.009948479671549297,0.0018460467886865473,-0.006974509382758054,-0.008474022147103778,-0.19624401735598299,-0.039864240273410366,-0.0042754461684009586,-0.023820463213775265,-0.013321858533159467,0.02221215271579303,0.007141307333958603,-0.003759479840434126,tsmc,Q1-2024,Semiconductors
-0.1417242263225054,-0.38593304655138383,0.21649428885894043,-0.20656149053162653,-0.19121863573452103,-0.266680513758817,-0.08318685050313691,0.09780862595251744,-0.14394396169712517,-0.24379323438345366,-0.07117188674992429,-0.18448834274172668,0.01910670285355872,-0.001576864430556559,-0.04198678071177098,0.006012789251073067,0.020867627905264655,-0.33775349616215994,-0.06602033242870063,-0.008478954003611391,-0.011689728309150195,0.06930503611325607,-0.001388527182880876,-0.005987513506007704,-0.0069474936259901355,-0.010054631522832612,0.005796011770863342,-0.042444487893770096,-0.013070662726766264,0.00946248763127536,citigroup,Q3-2024,Finance
-0.13612903636021487,-0.366478259628092,0.183544505162876,-0.20243046160514344,-0.16886869942506771,-0.23926806372423534,-0.06043244685965973,0.08611498959685084,-0.14056071319077537,-0.24060938509017643,-0.07549662957375326,-0.19487446971139388,0.006343446739180361,0.0021581217888402846,-0.049076834642572856,-0.003091541170609816,-0.0029796279650818923,-0.27585253383497604,-0.07099528721994014,-0.02423076355526984,0.013399368645537769,0.03703588035967363,-0.003338388999433718,0.0075823466687543785,0.021555169041137294,0.035802680282707604,0.050681359719594095,0.03644407343371586,0.0006431779004787558,-0.028950336518395993,citigroup,Q3-2023,Finance
-0.13080086152483283,-0.3867663430145191,0.2103108182983943,-0.19617720005629827,-0.17700366706064255,-0.2441137183644234,-0.07403133035247283,0.09673563035983478,-0.13645645402604434,-0.2296638068078255,-0.07448815217861829,-0.19857083218600002,0.02496009578704834,0.0024792991232022005,-0.0553177331116236,-0.00822392807409232,0.014234478848542996,-0.2695398239857953,-0.04730353431946613,-0.026252291075541816,-0.004547018021828958,0.027542655651839772,0.008578228850444297,-0.018583747999707623,0.021724613166511853,0.03093850574215969,-0.02008766150030275,0.04065006684364163,0.03155560298800749,-0.003721847490366654,citigroup,Q1-2025,Finance
-0.13783550242493892,-0.3933893735129971,0.21648412458764288,-0.2045331067923769,-0.18967414104997954,-0.2637398969623335,-0.08385100923857813,0.10445033607018381,-0.14360870777030058,-0.25959280716866906,-0.07693943616631876,-0.20883557907406491,0.015599159747558636,0.0035685475283767096,-0.05504543473913494,0.0005454327441450152,0.020313674314441327,-0.3186815844675189,-0.05850043060001303,-0.035447156345813455,-0.012689754103652492,0.05258501929958026,0.002026090060018621,0.0038627798715180463,-0.002964188565223248,0.0012107911103867862,-0.002165379150110014,0.02180566398517173,0.016899999933874185,-0.001788615778482314,citigroup,Q1-2024,Finance
-0.13055535960581047,-0.3501103219626278,0.20234737501891378,-0.18541722504722807,-0.18466757732691438,-0.2511425497841816,-0.06931983608914043,0.08567732634460715,-0.16276022557133205,-0.2313517377620356,-0.0680715358784534,-0.16893966206844568,0.026914442515088514,0.002942806705623678,-0.054985532900455686,0.005092030359208827,0.032605842720785795,-0.3471905229482731,-0.07232582414550077,-0.0032418492476745807,-0.018553458965886144,0.07113205055000829,-0.0007120422560555691,0.0031701756005163527,-0.01912062394743006,0.009518727517836445,0.0032667161114398385,-0.02732156298246181,0.01283450480447675,0.01619382908358999,citigroup,Q2-2024,Finance
-0.12360659299340049,-0.3412107819823588,0.20515203970515838,-0.1770434401797415,-0.18266750047099195,-0.24206309248602284,-0.07601718125891144,0.08665908251228692,-0.17607880966755537,-0.24933280930896423,-0.06825049969115754,-0.1847307732604207,0.028389315848451058,-0.0116869764863139,-0.046806000831267694,0.012630476406794216,0.029444005261221703,-0.36922533030574806,-0.08113155258016318,-0.005183853333774707,-0.030480085549015375,0.10935802583487841,0.010095880228456531,-0.01277718018046991,-0.007610882668623208,-0.034973121487774206,-0.002231706902200207,-0.038344405156206206,-0.02795244411087248,0.0017978619050166107,citigroup,Q4-2024,Finance
-0.12423248123491917,-0.34739696591437,0.20388861746677595,-0.17785178277821642,-0.17243492268912114,-0.24063034086832635,-0.06280251877341333,0.0735781089787558,-0.17976492539235145,-0.2654443955217602,-0.08835995711395331,-0.1956802523723495,-0.00036003968650218993,-0.006742837213422786,-0.05562860341614723,-0.003860270481796463,0.003478612600910075,-0.3656100300562014,-0.08800576475230125,-0.03257835271480676,-0.015775592442683502,0.10691913813910615,0.007000058003241326,0.008929939691168717,0.012422865947648895,-0.021025492655534384,0.003451286354290075,-0.007057620353095996,0.00014183331434956204,-0.002996805524820763,citigroup,Q4-2023,Finance
0.47624419212476754,0.011111974561086828,-0.17532642469663962,0.12931958914086494,-0.19821643640313313,0.10962545514337756,-0.1560216139426261,0.16852104716945124,-0.058319923473354754,-0.05689594954876777,0.06228552212156551,0.09744437579000335,-0.026307254967623938,0.08210109499809726,-0.12160266794929948,0.04289500291799014,0.006851954018802875,-0.07996590280759969,0.34490384496798776,0.014898230695113174,-0.030745934737187904,0.0033830941778817103,0.007290629422459771,-0.03176001982777252,-0.013533843180332766,-0.033805614934938916,0.014819507569090024,0.046713780906012706,-0.1875180792978877,0.18382874987033934,google,Q4-2023,Tech
0.48003362863493315,0.011932623830256261,-0.14801361873850752,0.13392532693247888,-0.16986708530816771,0.08736994328245837,-0.13104699603497696,0.16965912957226575,-0.08501466987364081,-0.05219660030438965,0.07967007989402632,0.066652801521853,-0.025870133085561048,0.06839161192434626,-0.09987594892553978,0.023008984878430748,0.027510973580821527,-0.07600303910605721,0.34084999343280825,0.020756248569266864,-0.023541513821743718,-0.01136269594771705,0.01501229355589739,-0.0593782412368611,-0.025245508925718946,-0.0195644716994804,0.0019473183553936726,0.0401412517146922,-0.19440487343824475,0.19372118851725967,google,Q3-2023,Tech
0.47538147959984056,0.010182140252941525,-0.13781748557040943,0.1111284923175808,-0.13616526305675156,0.06767693797488954,-0.13029346199478664,0.1718682097266125,-0.09323174726814717,-0.022937380323628895,0.10017174906417547,0.07236837090172565,-0.026478532213946412,0.06915252435629318,-0.09167878379668745,0.023784328033068236,0.03216343741409318,-0.09260949333939454,0.4593162802566744,0.02017783159617613,-0.0008491750299964845,-0.0007235964774841187,0.007312863757286034,0.009072655913068623,-0.0008210598435914635,-0.011461931011313745,-0.02166326024066464,-0.0002562028301127885,-0.031027530110534374,0.026946250628029484,google,Q2-2024,Tech
0.4505258571547645,0.00792803736012733,-0.12966247115054824,0.10998687385336839,-0.14640201788755436,0.06212929297421698,-0.13519362685224673,0.16306682986138202,-0.10844543353379485,-0.019922129970955018,0.1011383148112785,0.0752696454075889,-0.01541873346683457,0.04535184388352422,-0.07918404710627638,0.025837553836471322,-0.002262331622714105,-0.09468133133831158,0.42362333900994426,0.02883847752048522,0.024122633775789243,0.020841419921720235,-0.005909705308521304,0.09575238850864014,0.020111073447253016,-0.02347921879766276,-0.017874951991538546,-0.02585362305696328,0.20486033161219394,-0.19747498326011162,google,Q1-2025,Tech
0.4428661855419717,-0.01914089470988837,-0.157577619326334,0.08901578708370972,-0.16574759094061065,0.049554472990611144,-0.10901588463422875,0.1481070396548523,-0.09541353243998293,0.008592247829314155,0.0725518066915386,0.08540427034558132,-0.02837420002499004,0.07297612603607906,-0.09772360807541322,0.005198425471068095,-0.010005319853807192,-0.10207934989116058,0.4087132958860328,0.02110926306668634,0.02586739096910228,0.007036775198538521,-0.026479678088451458,0.12262627836084683,-0.018335314960018067,0.0006722978685880241,-0.01818002732695626,-0.05798605673951123,0.15795133952428866,-0.14026790432767233,google,Q3-2024,Tech
0.484183987693904,0.0010896799161052445,-0.12434522650191994,0.11629802355739663,-0.13112342951718126,0.05732318903501461,-0.10375460288978597,0.17474833726499855,-0.08546906557586924,-0.020031696988483724,0.09865542532677934,0.05966575530154687,-0.024900521142407463,0.03310788861573868,-0.054852050464591885,-0.010015708335671954,0.02742740061141055,-0.10896220182446291,0.3810902964254401,0.011509650370176046,0.018734232718191867,0.009289107030788559,-0.020287228853957937,0.060531911501906566,0.011800553063611673,0.011714122451879827,0.008387131682750947,-0.037119983267317705,0.13432349927272746,-0.12658208910027371,google,Q4-2024,Tech
0.4620502367688814,-0.0009614626547947608,-0.14842512882502099,0.12400890018759698,-0.1761762903395996,0.08552577371614666,-0.13344529990579934,0.16128305836551685,-0.09113417123105416,-0.057103365452143846,0.07223473733937444,0.0840442572965355,-0.018943582463616635,0.05470221820841854,-0.08481731572236545,0.025591103826443445,0.01828482859714282,-0.07905004098869114,0.4075214759430017,0.01045551745216032,-0.00032613280734800266,-0.007863847765836885,-0.008338871599724018,0.017023376012163933,0.019164320271240636,-0.010727185094969378,-0.028000397998270855,0.039552559277583166,-0.12258076684946603,0.12778753397684314,google,Q1-2024,Tech
0.4309271928837399,0.005419243341061643,0.018376276241914354,0.08409478213580392,0.004854327371291692,0.025459828435020513,-0.044840527203511615,0.11859214033488966,-0.2593391634603576,-0.04868872741937341,0.19374607815000394,0.0023402615392289633,0.08643083192879654,-0.3559916787400531,0.36841401418343867,-0.07062837734984193,-0.06244467612938288,0.04679826977830532,-0.04340738888202709,0.0013258353915154206,-0.0031234322442401296,-0.02370982952915588,0.0012419348927152057,-0.0022387492184749486,-0.005441531164039327,0.009518535754085155,0.011106791968077435,-0.012748195190843402,0.007042772314436719,-0.038629728284742065,microsoft,Q3-2024,Tech
0.4384491595306051,0.00819472230919135,0.012134293103977288,0.09545943968146565,-0.0007488044726722773,0.01458892739363976,-0.04883112587662937,0.13045802101450513,-0.22852287595043919,-0.04345645462460909,0.1742302267698397,-0.015112122687679076,0.054223767541941685,-0.32631959560086954,0.3635426410287326,-0.08211219999735583,-0.06049685717125466,0.045846669003717234,-0.06692783128425846,-0.0326589189693251,0.017229684599371384,-0.0074547007127531715,0.001372725927165938,0.006685960580394855,0.00795637337211634,0.006712342746575782,-0.00795390435037555,-0.026115048562947555,0.044564128491671524,-0.04121001561358654,microsoft,Q1-2025,Tech
0.3708533769251097,0.014665568900019499,0.021599238117113683,0.08364839186473189,0.008305342755758206,0.024081223432019207,-0.03536461291115031,0.09686008167619536,-0.267073247287319,-0.032481957926061886,0.1886947270018322,-0.03820498256153148,0.06698119016843046,-0.39629896081994886,0.44491978141006044,-0.08367578778099471,-0.0752029022156131,0.05382251991946843,-0.09150346384727841,-0.03767128265948459,-0.007039767803294402,0.015596856144801413,-0.00956497304874341,0.012460742447767601,0.009424216087868484,0.01401454886257682,0.0016750646164774075,0.008539284173388631,-0.033248924042937895,0.03601448396543279,microsoft,Q3-2023,Tech
0.39899076671064254,0.007617131676958717,0.033766896850934765,0.09912802161324158,9.660315315769545e-05,0.024032303765777738,-0.04032211782871284,0.11626057938895848,-0.2453854554873167,-0.041742653845021474,0.19120251817459047,-0.02886906765653804,0.0848308507570189,-0.38167813617721436,0.4157665486740522,-0.08056230953880802,-0.0778264546200738,0.047356993594732784,-0.06669614317689654,-0.0198050893487459,0.009383292224108896,-0.008534594227205075,-0.006806857819828767,0.014487025297573572,0.0038785507959764624,0.0025831770097515757,0.00937456711776478,-0.009506267161475743,-0.01156224909419042,0.04136781040386612,microsoft,Q4-2024,Tech
0.42852104263739565,0.002841782911383058,0.017286545137234332,0.07481270932227853,0.009628237058064064,0.02059145951060481,-0.042061355186947605,0.11255788360746995,-0.2569656704600511,-0.03433664470261245,0.18839893022940107,-0.022306453452385473,0.07329359869466996,-0.36840211179672194,0.406773498539283,-0.0864128758631019,-0.05948691234715563,0.05134529849153675,-0.059751151726552494,-0.006978065519938058,0.011374385644230494,-0.005750994044039102,-0.003592207703354016,-0.018749676212941817,-0.014566518316594758,0.014094428351638641,0.0011171980665428348,0.007689475827023376,-0.027454869112286846,0.02338301375137546,microsoft,Q4-2023,Tech
0.3993023424590636,-0.003381038980554057,0.036276873992298765,0.08343327539210452,0.0072404114358960835,0.02447913055868529,-0.04528900740949345,0.11755312269427894,-0.2694690866548581,-0.05203953633796394,0.19644382673878594,-0.033740451131663435,0.08017078496616595,-0.40407932417142767,0.43382641422821927,-0.08878759342256529,-0.07728120621424432,0.04210924992507937,-0.09070257750424116,-0.01612858204406912,-0.008825103873144228,0.004340172183436418,-0.001982155623453358,0.00654581056274813,0.001332736411348261,-0.013684997611535715,0.0023293089558674143,0.015214579051923482,-0.007119047450826417,0.01639442039356491,microsoft,Q1-2024,Tech
0.3920430766579534,-0.0020392703465034584,0.03522410941238285,0.09529358167895928,0.01206089628288629,0.02570973322420979,-0.05310893830679922,0.11911963419668974,-0.2677507259337203,-0.041806904812493356,0.19527625008131683,-0.03307419672502004,0.07561918685502013,-0.3947473519815644,0.42526488595722556,-0.09593667183693312,-0.08248609155519335,0.06541245257587422,-0.11971479576862057,-0.022443021212769122,0.0027593402161486323,-0.001665186200800489,-0.0028449508214799576,0.006251551670681786,-0.01105337848291898,-0.0019644449783743556,-0.0028816287505926473,-0.004146740546247014,0.015796902937603635,-0.02459885127141323,microsoft,Q2-2024,Tech
0.4022278869869782,-0.03081960098697177,-0.2178377805735518,0.10629669721065071,-0.25593725874400935,0.11559949924234099,-0.20283534961744848,0.15717937928746,-0.08921895721265757,-0.059291546868968405,0.04392818717956176,0.18699206525379755,0.037836158889407716,0.1747489280464083,-0.27380112677436963,0.0005835918871523998,-0.15587563941103566,0.06555182250859641,-0.2523896568454841,-0.013489001316506448,0.008653376982452396,-0.006474399036817456,0.003245861563885348,0.008083506351469465,0.003650435089988397,0.00975079519411237,-0.00043762736400250024,-0.006133852258814101,0.01933463407721934,-0.029895843480210862,meta,Q3-2024,Tech
0.44010762337185133,-0.028595904235675505,-0.19655645467806898,0.09121746136506975,-0.2081304255671534,0.08081143835950641,-0.1683478386816906,0.15626855436836098,-0.0734604985312843,-0.0396141421912995,0.04960550408398477,0.17163000191884348,0.0540752240717489,0.16221012010934374,-0.24945693183820586,-0.011172595054836776,-0.15119317984949285,0.06810887937681921,-0.2169935218770146,0.006567662181505056,0.01894875690479991,-0.01331158377885838,0.0035763967394606268,-0.030470573724752464,0.007859018321781945,0.03704871971832794,0.003140074481411063,-0.014380669274896027,0.044494486514480465,-0.038771640448527996,meta,Q4-2024,Tech
0.3660760176499802,-0.017024732928142862,-0.22371444084417158,0.11694394575878994,-0.26142154066438616,0.13225681251283336,-0.1927590767286441,0.145264108830297,-0.07379437565515293,-0.0636885397341561,0.035669152147008575,0.19770352875044273,0.03640599827280408,0.1802360008417905,-0.29180486553747803,0.01733893726991021,-0.16125214162057552,0.06555413195543752,-0.30779506346418906,-0.01986662586142987,-0.025983874992788054,0.011684232384004,-0.01224020337398749,0.036421860802225724,0.0013940700315262025,-0.027118418833490372,-0.0026061229873540087,0.012981464621170325,-0.026265233726271094,0.025891930240990017,meta,Q4-2023,Tech
0.3790640198482647,-0.021230899804524146,-0.1924897927724993,0.11568087192475879,-0.24697080051958337,0.1089282990304624,-0.203986301507508,0.14780828784934977,-0.0759880897053015,-0.06329717739285277,0.03961272440567862,0.1865221756721245,0.06357292012683179,0.18239238600243166,-0.29098713891972083,0.008007773125521691,-0.17092365964438141,0.06544208939709091,-0.3067314620924801,-0.02641917276461213,-0.014642156736377324,0.01625693979626727,-0.0020915035908452787,0.025200956977595494,0.001487648984946278,-0.020807082126981617,-0.010847707790135048,0.013320265115526288,-0.021635137757102834,0.043242151753473596,meta,Q3-2023,Tech
0.42240122894598703,0.006144044402078779,-0.2062789581760102,0.12931724910972442,-0.24480984084504487,0.12483793048047859,-0.20016554201908882,0.16396386563909365,-0.07634196891756286,-0.07201791762190773,0.060693558052267005,0.18297533777814118,0.04830655597420079,0.16846514401658563,-0.2726141819821818,0.006731464661698235,-0.1401362163188138,0.07063211161025511,-0.28132186619285926,-0.020326304409301707,-0.024773552238107406,0.0005299614168605883,0.006992822500321906,0.006342826375330418,-0.000846050546112846,-0.022626987092383862,-0.007751781593728674,-0.003185152541160536,0.02942556063375148,-0.03531831505067463,meta,Q1-2025,Tech
0.41869895805551993,-0.010022031796121563,-0.22166287953980773,0.11455607807153569,-0.2565348498397173,0.12360065834056896,-0.2139526316819925,0.14478763899877714,-0.07114850926458695,-0.05897396858676042,0.03858562672188514,0.1980737647485433,0.053400707006755296,0.18683949084754928,-0.28421124580046847,0.012706637491796896,-0.1494324113210453,0.07352696012391598,-0.2793639042658778,-0.017135302563051995,-0.015801177729788868,0.0023023843344394763,0.0008746345754770551,0.005093439511572296,0.003743647980531166,-0.010693979163751704,-0.010210879066437507,-0.003471270337896401,0.017261526491512188,-0.006017196410257128,meta,Q1-2024,Tech
0.45194978404602304,-0.009743412486607516,-0.21139708201088594,0.10916000081858612,-0.22293363868080693,0.10495675024397896,-0.17961080915973382,0.1628560243474991,-0.06674421011318374,-0.04288783651216968,0.04536039585858083,0.17748039311088054,0.0416527597754132,0.1756247831586101,-0.2772575547555145,0.008056647700670843,-0.13515655575220062,0.06005168298785183,-0.22940996689272145,-0.012233397049621243,0.003277855727676743,-0.006468972306939841,0.006771154598450147,-0.020679115769969572,0.007908837716967997,0.010344797788456449,0.004057907878688128,0.00021999955468320775,-0.0029297457260916825,-0.002674718926042571,meta,Q2-2024,Tech
-0.07112610544504432,-0.34574627445848066,0.06801782756695622,-0.2562191651915003,-0.12541377290754216,-0.17530957547731324,-0.09203205859340238,0.18297510452133411,0.40287365101315287,0.24104402019206275,0.19128365533368918,0.2962154723221516,-0.15644998465018817,0.012006805767918637,0.18140656796205906,0.07944783155813744,-0.008071524672068273,-0.002352746427730764,-0.004081957514323507,-0.007079785623294618,-0.016324943683062334,0.009256115311516266,0.0066847237121027275,-0.002169173384362192,-0.003052511756483241,-0.003046973313111392,0.005008014684992759,-0.0014378470579405767,0.004556626700277515,-0.010404498528355439,blackstone,Q1-2024,Finance
-0.1249755102973358,-0.3461124686161128,0.07479206300184411,-0.27720317949242884,-0.12163706633451533,-0.1824210146220791,-0.08086851110026448,0.1614039123511731,0.3982109578776771,0.23307232066680916,0.18464505849175375,0.3015610658296618,-0.15795686095959033,0.009901272210608231,0.17963420760825644,0.09004566444206459,-0.026002109550691863,0.023493768185195166,-0.00288591107241816,-0.015478761104896216,-0.011204786582471917,0.0020053427644387417,-0.0020129147164141127,-0.0004439786323182152,0.008463304495385598,0.0009772656748025393,-0.0010575623465150872,-0.0021674337624980116,-0.004365540218210309,0.0012100780031366303,blackstone,Q3-2023,Finance
-0.10052121740844756,-0.33918820316933235,0.088295395050074,-0.2511148366260942,-0.11875689206709147,-0.16912757387155375,-0.08813333026633198,0.17673703514523362,0.4283072144907054,0.23781990537050116,0.18569082789012537,0.299059352749042,-0.16771790527517463,0.009583470301602087,0.1851318218927594,0.08901550576796206,-0.002816098764003864,-0.0014797461356360075,-0.01474674522520083,-0.006169950595172004,-0.03199215246703633,0.013821637176009318,0.005618226644805413,-0.0004253276429904149,-0.0077064586819571654,-0.03220053160250595,0.005105578923985834,0.009484359269287812,-0.0047785215333158715,0.009599316569604308,blackstone,Q3-2024,Finance
-0.08318685544617019,-0.3396334863423825,0.076508737443507,-0.26213742598456036,-0.10649228637748771,-0.17238772278945874,-0.08837493158815614,0.1792929221015351,0.4305982423073787,0.24298249705679423,0.18853202994989285,0.30764627490030816,-0.17339092247779037,0.00782832165185942,0.18751926473085626,0.08515851860626548,-0.0109954257828597,-0.004955640204677899,-0.01810098711575601,-0.0159098153829471,-0.03125371805635262,0.02773889308397799,0.004446737658712617,0.0061554145473401035,-0.0008531153693404365,-0.01274877320743576,0.00850766667611362,0.0026629486577858753,0.002780329114184713,8.249797188265251e-05,blackstone,Q2-2024,Finance
-0.08997037767228623,-0.3520027867374997,0.07341942895364136,-0.2649704662303307,-0.11792315995661981,-0.17904126374941257,-0.08635504124042434,0.17497893602877615,0.41271356976991086,0.23543578145088348,0.17861340385889973,0.2948713814206488,-0.1713806932004539,0.01649485283671485,0.1821054401026761,0.0886001460204963,-0.015081170132072882,-0.018043226867565626,-0.010597399517259782,-0.006728737867736897,-0.01818743912140979,0.028322069942128533,0.005378221016959017,-0.0013387103504829692,0.008138312379669835,-0.0167972957946522,0.012165768162423946,0.005507664387248669,0.0036051282011369838,0.0023612219391354874,blackstone,Q4-2024,Finance
-0.12610126641902117,-0.34635952201808656,0.0633783766355706,-0.27204484327024314,-0.11451721608101673,-0.16312636521870366,-0.07896926109381698,0.14849208623819876,0.3928686224428695,0.23928958630936342,0.17932474775407123,0.2965104784592027,-0.15244251903208791,0.01193532256588753,0.18304534430172767,0.07245475947598634,-0.037634793230073335,0.020207365842882935,-0.0013433527993483613,-0.00132100581415054,-0.012875236125142074,0.013745575198698531,-0.0021059974649022084,-0.005351212084014051,-0.012371472713799877,0.007942188981734094,-0.006881177771845922,0.003486372151933178,-0.004934069671951451,0.0015251273565650512,blackstone,Q4-2023,Finance
-0.13397355949127118,-0.3495942540272141,0.07543951976933559,-0.26813929416531085,-0.13885270846521786,-0.1850582884814705,-0.09865162539785455,0.17276613033323787,0.3672409639981344,0.20399951626247972,0.17273510732105848,0.2694833229599397,-0.14128981784237546,0.014419098139158329,0.17769255369639872,0.09311000179907956,-0.0021792562337423905,-0.0026559254584297,-0.006497542901759819,-0.008172114278539946,-0.01896667700483101,0.010451914558003868,-0.002046738880942445,-0.003519853822516455,0.013587750975037453,-0.006139113597518391,0.010620460318345293,-0.012036581859046718,-0.016975170801939922,-0.0037755959103247484,blackstone,Q1-2025,Finance
-0.1923669287399401,-0.21189258199613534,-0.034842123025223305,-0.2039435636601057,0.29836072632075555,0.437825582803545,0.11019949845015697,0.13272807318792537,0.10949638630708176,0.03903844706426365,0.011150646090181855,0.03668246022125384,0.04757762091330333,-0.36502093051508533,-0.31411918593661303,-0.04436359798605105,0.003623351662485661,-0.046586508338475136,0.003539201559487982,0.0021823973448335037,0.0012816059143963775,0.00752550053487215,-0.0066619041035923835,0.010834828921119241,-0.009332959312310263,-0.01438584998986083,0.0185638665653016,-0.021217198028473435,0.003843417800877824,0.010530716377222417,cbre,Q4-2024,RealEstate
-0.21069537811345937,-0.20477368315923558,-0.037204856134536224,-0.22006719897803265,0.3033649357902036,0.4450899780688494,0.10121754125445932,0.13866574729440193,0.10486338096718788,0.0353675507546946,0.010324324776000246,0.0357375525081753,0.07022791598566015,-0.3752384884083862,-0.33948284338495505,-0.0443488895190823,0.024284139759590945,-0.03177113977871814,0.0036736533136595734,0.011487164188406737,-0.002704498517826596,-0.0020202880335877813,0.0021919251329835295,0.004793210818442006,-0.00793340055305991,-0.00694352011655473,0.012898125633456986,-0.012099967230569584,-7.814889379375297e-05,0.014676077665836973,cbre,Q3-2024,RealEstate
-0.2316483015150706,-0.23334950281538214,-0.04057164749517723,-0.2260165520432115,0.2584003091735462,0.3981630348689872,0.06863418924048188,0.13896148647333026,0.08309242054360973,0.03808582790788478,0.029884811237749873,0.07612489430438699,0.058899215548780734,-0.3464382971576062,-0.27902131414825704,-0.013811406955470356,0.00018046140941056305,-0.025846023391772735,0.010632428570840399,0.006540827532357979,-0.009571252442880969,-0.017843448375891427,-0.0035257464352463834,-0.0073618007471216804,0.020042943171698885,0.051792641772643415,-0.015827724644373344,0.013312837688029594,0.0019719284266507217,-0.012446981366309949,cbre,Q3-2023,RealEstate
-0.23498503762760314,-0.21257525442251846,-0.04438133743496816,-0.2029757437307255,0.2717015701650751,0.41337898192229344,0.0736520367822443,0.1471613960267593,0.08537259956053349,0.023212635315366312,0.024806496559543038,0.04944934537865135,0.06394450364122516,-0.40572633489425175,-0.31627407584830725,-0.014237220941233322,0.017872842451055256,-0.035071847066479624,0.013414574863461592,0.0017092854175157785,-0.0072187981060066455,-0.003437215945968834,0.0034694842161257,-0.015053380707834707,0.006414579920462227,0.01649671723780275,-0.02656041590367972,0.015404453534344982,0.008679640537556647,0.0003730833430455178,cbre,Q4-2023,RealEstate
-0.20502686371221007,-0.18394520291680813,-0.026544550003346472,-0.19433953745389185,0.28699390608530123,0.43590517558620634,0.09434728902510729,0.1325638438799365,0.09158750747133555,0.028570590465431173,0.003699520480584874,0.02549321520160852,0.046874443855784945,-0.4316213658554435,-0.3504086393036228,-0.03329703218482048,0.030966040689625367,-0.038311150833934104,0.009351722983941591,-0.0043976936908095175,-0.014082438991654117,0.013173437067187141,0.010078389796421517,-0.000745597841023113,-0.009167902901184778,-0.0292060968825263,0.012779860225900124,0.019246824828591948,0.00417001456600994,0.01755709174169343,cbre,Q2-2024,RealEstate
-0.23662342426384242,-0.17053707650721991,-0.040865436347523085,-0.17659946391468356,0.2800415744391039,0.45414806767649585,0.09007515654024273,0.12764299406626012,0.04909994476306292,0.007923893892875475,0.014950947884903818,0.026476398016386474,0.07400137434835857,-0.40893341326327826,-0.3357222700493129,-0.018604191238002166,0.027741212621378988,-0.028830876866301116,0.012593395963050959,-0.014729224967759667,-0.020861266406045218,0.0034098700712012183,0.0037940758800470574,-0.007623959515695369,0.0043752243992158605,0.009504841076801988,-0.013673619025801331,0.021995041980235983,-0.006008360705399216,-0.009713961229941243,cbre,Q1-2024,RealEstate
-0.22235676971919047,-0.20090065677240068,-0.04213669255779104,-0.19920470580136584,0.2716280194540122,0.4292742999039361,0.08091343757265919,0.13753396786419428,0.06851704800813448,0.032099437001859146,0.021882858566995185,0.013100282853261673,0.09229933923077807,-0.371889914795965,-0.3257393501491072,-0.03803096805962758,0.02291309641854124,-0.003560783614195298,0.011940625639071945,-0.006100486408073484,0.01054807504424107,0.00020386058604132565,-0.0009051047445059751,0.013378898740295814,0.0007413518165649527,-0.01053667769132541,0.011643260192604837,-0.037870978318840766,-0.004635949951745209,-0.02486601877767002,cbre,Q1-2025,RealEstate
0.43730817640391767,-0.0014399743268082104,0.11225792510649867,-0.08537007033898444,0.2547519602201518,-0.12044111335981465,0.21006958554634156,-0.04217375291227804,0.2151000035247522,0.06308574283906682,-0.16687624826691558,-0.14116377152509418,0.02817480697038084,0.07272180595834832,-0.006681144480660727,-0.1811432637925776,-0.28061160568797405,-0.026691483555867836,0.0535589438390798,-0.02907027684463895,0.004867653117824843,0.011575373489007553,0.0013953618540490551,-0.015205812448661454,-0.017878643072211133,-0.004363462985274468,-0.01977341638121049,0.05954952608900501,-0.013494535633841499,0.06324366998531585,amd,Q1-2023,Semiconductors
0.42462118116196446,0.02258548824268761,0.10535442722983261,-0.06905767490971887,0.2515503840780361,-0.1223748161885827,0.21889815539899551,-0.05892630887978182,0.2136247440372494,0.07110638793535946,-0.17691133799703485,-0.1533108509060131,0.05439997479863793,0.08242807825461694,-0.022287040183912542,-0.16740403924650016,-0.3753907923250461,-0.019454025398305947,0.04853429683640756,-0.003977841085028887,-0.038544454915453503,0.007350762684629572,0.012996875720404467,-0.028602296546128246,-0.047346264388387106,-0.04105062076928403,0.005420649256754221,0.005102158247669425,0.0069973210295517525,-0.010634369585345457,amd,Q2-2024,Semiconductors
0.445169058480984,0.02301142477804428,0.12047076861550728,-0.06534276626055752,0.26572502524639247,-0.12372135132321452,0.22501989323022,-0.03223545837816883,0.22321368763336744,0.0710276271889847,-0.16352368794043437,-0.1704365803836441,0.03937850839883447,0.053661282820443135,0.009209335330674575,-0.17617672111307686,-0.32822772677926904,-0.01884382097714167,0.04098341510090152,-0.027881458874289722,-0.01639827964333753,0.015057130447606218,0.0087206767425614,-0.004251347585590209,-0.011750984421996903,-0.04725967786358261,0.019099758059235514,0.004911502229795061,-0.0180041728875187,0.007538466581896167,amd,Q3-2024,Semiconductors
0.4229203142254417,0.008035140855384383,0.11689633167284989,-0.0667419764350784,0.2594008765890788,-0.1183701609722497,0.2145284606937285,-0.025305145364804896,0.2514368073716787,0.0646992320902097,-0.1781800094836418,-0.18051833150741733,0.018175398107122907,0.08276969864218434,-0.021261906945906895,-0.19447826432420595,-0.32248119919508744,-0.03036995127456671,0.02240359123169455,-0.03995222928409912,0.005414984504378212,0.025399497295474242,-2.125226518985638e-05,-0.013811358440421632,-0.0039258826974249835,-0.015515521230714088,-0.000880148249221077,-0.02368565690118394,0.04079227171395406,0.032564807304334684,amd,Q4-2024,Semiconductors
0.40689032838595063,0.010121467697973457,0.10662613835782388,-0.08452671310011228,0.2568503672348956,-0.128883161461956,0.22346879147161045,-0.06438100441704922,0.22646608577945423,0.08107193517767529,-0.1817462633609751,-0.17025929064599615,0.042120299457044076,0.0782272188758407,-0.01689453572351868,-0.16028957045438194,-0.3599106276964258,0.00163050379002145,0.02308639382686032,-0.013862124095623554,-0.004011634704598204,0.0016328709611686133,0.0004109281451435426,0.03511526658784969,-0.04811687391002586,0.002434403756385604,0.0019495904457234306,-0.00022022059958713317,0.001991874336955102,-0.003418249115177721,amd,Q1-2024,Semiconductors
0.40386387712258426,0.018842555745706795,0.10172461160686776,-0.07601757757056292,0.2140419760292217,-0.12402025198352781,0.1857539412789032,-0.0691307481891242,0.14897605298918354,0.04143327018013965,-0.15204844493312372,-0.12323067159837721,0.05258008567526813,0.07299338328330277,-0.017343472363183624,-0.12643990811339303,-0.36460963334060364,0.00404437828874785,0.059693189925364154,-0.028933800691477708,-0.01181943959707764,-0.015351791590236266,0.03487227539687908,-0.11718575851961484,0.027448609301652962,-0.009472645621457651,0.007494144674279275,0.036495903219188365,-0.035834545217792044,-0.06852951393885527,amd,Q2-2023,Semiconductors
0.4235587804286942,-0.006232867147714731,0.1003012268173776,-0.09754559170151136,0.24468542926816614,-0.1392041516613168,0.21340449305057294,-0.06514280285029207,0.20798559269234088,0.07633822127419812,-0.17413571036667386,-0.14964222965931628,0.05352048312161482,0.07528540208863148,-0.016574745023984896,-0.1590401517512214,-0.36243561012540204,-0.0001852553727187055,0.02222404275215909,-0.00034402553547262184,0.004698118048721702,-0.0037026429138312307,-0.005874937699050071,0.02388490166163525,0.0005167352177140574,0.016077880910022196,-0.004103286078941187,-0.010974077946856356,0.0022216249616265216,-0.007192636219880311,amd,Q3-2023,Semiconductors
0.4004810724689154,0.016349708842171806,0.10639835295688815,-0.0875881725455292,0.255323148333064,-0.141081904625408,0.23096223243918423,-0.07445327933963655,0.21571265695401562,0.08368272670036996,-0.1861860770776841,-0.14661140885265722,0.049564263207708736,0.08693699489931794,-0.024565476415833794,-0.1667036181557044,-0.38147127958411975,0.006884711813162411,0.036907032133805036,-0.03490020704128439,-0.005125332901590085,-0.008391583032797039,0.00515512304009896,-0.00805042971692015,0.03900178914989264,0.011609940563159444,0.005373975834511551,-0.036667966020495636,-0.005524187673711725,-0.024311497647126458,amd,Q4-2023,Semiconductors
-0.016961270004720454,-0.029632505019738974,-0.42429369275983225,0.11197342013631692,-0.43584063183065397,0.22666815431181372,-0.011456664827870187,-0.25085686247241845,0.33758501806111413,-0.18270329383213746,-0.3180211594517432,-0.08475898532484949,0.07764695788876298,-0.11131087099356955,0.1638956126012815,0.060635810444791965,0.030388701128213572,-0.007511130848211374,0.003928077556956809,0.0025770142365795935,-0.015498224770477872,-0.005522788407111064,0.008373570415238916,-0.0005747791786909066,0.0036371963628786166,-0.009100738347062163,0.003784895462439653,0.00663273588381716,-0.015077779109904037,0.005437074731478672,netflix,Q2-2024,Tech
-0.02754750049885373,-0.02858210016296025,-0.4063398868872729,0.11170512667689093,-0.4190304143599138,0.2201869000596356,0.006283674773688806,-0.24652941307211962,0.33077741731121535,-0.1871076180700611,-0.29147600692243497,-0.09945290387794042,0.0746429199516701,-0.11448961165104382,0.15684861690142113,0.06656101232407902,0.03932700574369977,-0.008005441680362452,0.002534564769503437,0.005212923478479783,-0.01578125385639403,-0.015081586489859163,0.017416862152685314,-0.00858314744980161,0.005893743666487856,-0.005333637776141475,0.0026491648633285435,0.016277611921468153,-0.0019404083266242053,-0.02343927237222143,netflix,Q1-2025,Tech
-0.03551779997415348,-0.04448632666219162,-0.40840437972095156,0.09772733003643572,-0.4210359076192508,0.20839687391063735,0.0021877774725559598,-0.2557523498803555,0.33324511136987695,-0.18162397229217747,-0.307332952123899,-0.09004379598284352,0.0678386946880288,-0.11254061867280515,0.1652537431465647,0.06097693264569604,0.030183032397222396,-0.01485160319788608,0.006168980444552903,0.008197244707759711,0.005763791543388228,-9.270366383557522e-05,0.007907839495804632,-0.02180672966116968,0.0037482704549746987,0.007131331651317455,-0.013616813038277858,-0.007725704289049993,0.00953638929119085,-0.009173308271683675,netflix,Q3-2024,Tech
-0.059199926517498,-0.035736667802158444,-0.40439850912094805,0.09757386995479911,-0.4168419009799828,0.2236694876914513,-0.0035022625343255668,-0.2728819814130529,0.3626630641236725,-0.18416952656929717,-0.33353985198081815,-0.10203400616593962,0.08805750956646397,-0.1335532490097503,0.20032830276724944,0.059664752561500445,0.03692307082431109,-0.006735776956355263,-0.01605710782345745,-0.003948152643416498,-0.010030133089670904,0.0009959123366867606,0.01947361569486918,-0.0038623989874860165,0.019087855841127793,-0.014699992825326995,-0.026266572154767763,-0.009763353123670306,0.01768518864361429,-0.011702281846410438,netflix,Q4-2023,Tech
-0.059147367917187166,-0.025481900349241707,-0.3961619160338784,0.10941029600521524,-0.41086472292085163,0.2205407741160168,0.011668996915112351,-0.26079466355611425,0.34113941748845816,-0.1851053080514134,-0.3018185349146032,-0.10818148122401709,0.06949509965486213,-0.13770184586428147,0.19732037545296566,0.05899196131389287,0.049511571613457615,-0.015502590632434286,-0.006424847810638332,-0.008093454949003308,-0.019570214322647942,0.007473284191460902,0.01979549857846624,-0.00819980704704459,0.008235126898706986,-0.014849216006431708,-0.007057879187647635,-0.0035420781381006157,-0.010196513747348802,0.0009429724258644791,netflix,Q4-2024,Tech
-0.050078520654093885,-0.026300860615813187,-0.38229521092826413,0.05582025655234141,-0.39373058548256396,0.11162300970890096,0.08936295769245246,-0.18905051438246134,0.21469813670961443,-0.1263442792865883,-0.15861528967214386,-0.03236604676806759,0.029241289748664093,-0.05909813459543851,0.06874583039952178,-0.021885686144264876,-0.015836476184503248,0.003727431472250676,0.01257753492116149,-0.011465068215095265,0.04715058970779519,-0.03693948248552716,-0.14690969572007495,0.03601229553685053,-0.025077340403052657,0.05760976263706748,0.05374662686928792,-0.040714075493519415,0.010173520632351973,0.02257146394197093,netflix,Q3-2023,Tech
-0.07076021925880724,-0.03008703041054339,-0.3966010760036955,0.09384276935147268,-0.40526443194040324,0.21160841861837137,0.006851058347385594,-0.27141840957263136,0.3499684903887486,-0.17672232669128987,-0.32801016917901615,-0.11036740066897882,0.08064430513989584,-0.13595476364422118,0.2010876899371824,0.06748010138567319,0.04558045659523251,-0.008545888610700984,0.0029202128422937137,0.0006343289044616398,-0.007711861941224723,-0.006609088567442428,0.021557687798108002,-0.03484248791382498,0.008755243940730028,-0.0009704123482414069,-0.012192998490728737,0.008829007856848434,0.02942980444715564,-0.020797964565105943,netflix,Q1-2024,Tech
0.43675130753864533,0.0592292264666475,0.059114479201022974,0.03220995978154847,0.1584474754022776,-0.04504907478425365,0.12295903532222785,0.028907500737821456,0.16355911071312232,0.05692758840816908,-0.064658612915726,-0.09318888814442312,-0.047906358398471925,0.10028858541798764,-0.01963858958721953,-0.17696500140620733,0.33851675339454373,-0.022114809711823512,-0.11335862754420196,0.007353650893542388,0.022996612540385056,-0.011052649713860788,-0.05588384116365445,0.3390293705913811,0.11342782919534479,0.025357508596601217,-0.01875705592448035,-0.039668181049509935,0.034182370523988495,0.04872874761416685,nvidia,Q1-2023,Semiconductors
0.5262870026496805,0.09953137643567979,0.05528739946947279,0.06572902041500846,0.16358589056737083,-0.003923366733421615,0.07564436064982345,0.11300023655131108,0.17125784616607806,0.04719881430951787,-0.012840841602433414,-0.11326016329966147,-0.0661442512433909,0.08665133273272552,-2.55922838487201e-05,-0.19293948478090844,0.4843577624192111,-0.026249703053859423,-0.06599689036358312,-0.005345114465838112,0.010169561703793592,-0.0014604869170530505,0.024990471602129357,-0.1681948859306529,-0.0768149154250883,0.013224340400766393,0.018003100034231452,-0.0007954071626543118,0.004236312782270947,-0.001348380609910562,nvidia,Q1-2024,Semiconductors
0.32874145566934915,0.06279362527544581,0.08625385083951165,0.01140252596887312,0.1764683454035753,-0.04269928434644413,0.1445124541431399,-0.01494409013502959,0.1733730434695726,0.07745826194787506,-0.11603205727660285,-0.09203633084124067,-0.040068729499327084,0.07812262945916469,0.011928608237207768,-0.1839466433788301,0.36033769910162256,-0.006786684421602315,-0.1599195882227784,0.034322605505755104,0.008750198279326939,-0.011677400688727928,-0.09655046968535246,0.5097248412207409,0.12276161424514541,-0.010118610606290357,-0.05789404826607498,-0.02754549533855257,-0.05300967397345474,0.10606230167784032,nvidia,Q2-2023,Semiconductors
0.5478920970896449,0.11383220240738662,0.0390801253484115,0.07569778424786847,0.13111158669184428,0.004144760204752862,0.041273804777171325,0.0975166403412125,0.11473679193248312,0.024706018270443168,0.0025811817665404905,-0.06278886498281486,-0.03253815854370147,0.10300344747791576,-0.04169097419554129,-0.1178088623529118,0.4172941668324443,-0.01890793804440993,-0.0615713623311642,0.01678867727048719,-0.007028130929548644,0.003854693081275697,0.043862165219678985,-0.18034309399271542,-0.05849109776543424,-0.028223764977350713,0.00852196889037743,0.02200738689137321,0.03292508229281179,-0.08312808773910658,nvidia,Q3-2024,Semiconductors
0.48538128245410317,0.09019561151935844,0.032821892277718444,0.05726912896537967,0.13238862609638574,-0.013294182937879593,0.0663716692242969,0.08142761137151888,0.14077473836004695,0.05682697994448073,-0.008346258758306337,-0.05875342405994021,-0.021747763448567436,0.11410457871360825,-0.02905065388663342,-0.1728987451959111,0.4626744403599785,-0.022317611446065557,-0.1005007263495256,0.044431768862615635,-0.004729201959559746,-0.0024303221987985986,0.05088077913781874,-0.20906806446948642,-0.07094363219840719,-0.0015432929919881615,0.019210798264437286,0.044814800919196124,0.006265477707730042,-0.057972749011172144,nvidia,Q4-2024,Semiconductors
0.5525902215000605,0.09266185451020109,0.038644840269378214,0.07391033620292986,0.1314765881443876,-0.005043680138138139,0.05154201957446183,0.11749034406799892,0.11342159651421459,0.033211186534548146,0.01832557763637451,-0.08702421448394144,-0.03821230131879867,0.06226332250913251,0.023137504105953634,-0.15819277534065845,0.42114015024836443,-0.01855683527629122,-0.042226085939777405,0.004113439858012537,0.011724899538170666,-0.017242369563902273,0.017435086762391895,-0.09517951636876316,0.014535867831313817,0.03900744843113614,-0.0016218714152329693,-0.008430989625939972,-0.00012343187174724345,-0.01111741733780299,nvidia,Q4-2023,Semiconductors
0.4742556733541607,0.07989772307086535,0.07149150165692332,0.044878476118886144,0.17834990802854384,-0.026337510805418775,0.12143563035275358,0.0651090766423485,0.17129866026132287,0.061810693065115205,-0.04897671815009001,-0.0954242481752056,-0.03981842969635518,0.0852968467997016,0.008094437169680928,-0.20498066026699202,0.45763538089185607,-0.01766731528471071,-0.0947392693212479,-0.012227870831938693,0.02090303892320625,-0.017978676448549995,-0.0342412932299059,0.10453151327807055,0.03626303677230633,0.022854949701461354,-0.007526096535686452,-0.027260774429898653,-0.02601494545616722,0.02193863861303693,nvidia,Q3-2023,Semiconductors
0.5117472202464179,0.09442719219353425,0.06357185928906807,0.054316860820770294,0.17003752052741058,-0.009651815268793645,0.08149999657055912,0.09732789406934539,0.19506777320150476,0.05875710837297034,-0.03010589018339603,-0.11782511798531346,-0.053665236043087705,0.10732906529419417,-0.020976894904733045,-0.1896836984163631,0.4627883451788747,-0.03222497956290756,-0.10327948543143559,0.009590103308901874,-0.00789700271245143,0.005680430511009906,0.03248444035433973,-0.17861848416652001,-0.1037635664224078,-0.004705516524131097,0.028050195369925344,0.019620903087465762,0.009820694223054203,-0.021638994819220547,nvidia,Q2-2024,Semiconductors
0.023598742770322034,0.02904966906259681,0.10281181051188057,-0.07994300087184601,0.06613044647530905,-0.1071138630405642,0.05131768331378874,-0.29528826762484306,-0.1183151036075279,0.09304415368462492,-0.001287702837243365,0.17139859322054102,0.3632325110986961,-0.024625845538878935,0.0398595137536834,0.08891412514513407,0.06367610288127108,-0.03182329199540684,-0.04194983560074841,0.41464627245777314,-0.18763955846937136,0.031092375070938528,0.029482536807110306,0.04529222901057842,0.013201240776344316,-0.23544182991013077,-0.08819536907441566,0.42378996335630764,0.07090646045470794,0.0234070449940557,asml,Q4-2023,Semiconductors
-0.017882364203389164,0.058091503608914324,0.061052534825182636,-0.14896373521715406,0.03568227935890267,-0.14789546283118382,0.024259045009162497,-0.40145771217528997,-0.11840816589894103,0.17779395825250358,0.025455779165721733,0.2640971398848756,0.5383731915000738,0.03939438631107771,-0.026212699250173447,0.08224924905860836,0.1179648002081227,-0.03632716515909451,0.02315208393589211,-0.22908816003743826,0.05512734922296345,0.003418089000789604,0.03744027140872748,0.020515782661424696,0.04847520376604714,-0.008237206429978926,-0.030971873978476627,0.11629829022736353,-0.01228298425578329,-0.054827947454450174,asml,Q3-2023,Semiconductors
0.009934826709166556,-0.003755249521791069,0.013489732684299746,-0.11814788913714629,0.025134038159975117,-0.14230383788737566,0.050519859746456654,-0.33619809245115817,-0.11590637937150662,0.20240758615945517,0.010408607894670888,0.25703705638452073,0.5445455879417183,0.04464565789636606,-0.010333809578824857,0.05781563933903832,0.09443819852872645,-0.031088221372065256,0.03556797287419523,-0.36506711599885106,0.12444331729001122,-0.005004440761414345,0.00017292518821106882,0.012403560875049716,-0.07030947248900872,-0.019284744279588942,-0.000960898380450942,0.0006536925673960639,-0.0011349970920777987,0.03580535456445366,asml,Q3-2024,Semiconductors
0.046921903746112825,-0.016325555293736672,0.02127605012410591,-0.11024912449233015,0.025659544270874732,-0.14840503142133427,0.06241891219136142,-0.3007112725439617,-0.11828388575298426,0.17955682078786844,0.015104215275037323,0.20816628487579597,0.4882744140723366,0.03518662391828051,-0.009904712525004276,0.042471551950861684,0.016868015002284728,-0.05501250785335173,0.004773758058444712,0.4326255217620429,-0.1816164591325659,-0.008382638018449544,-0.04020040450834415,-0.06374091849736131,0.006963140824742047,0.0902245925691958,0.03811969292696209,-0.24627912371536195,-0.008159830612108546,0.06561140026580016,asml,Q4-2024,Semiconductors
-0.010026273035579233,0.03754853445990941,0.02786229111803479,-0.11162792049519871,0.02629135524119943,-0.1279798613260564,0.034240300319178026,-0.36158491411802135,-0.10895770397999271,0.19174979711974724,0.020670466665250856,0.2553810915540023,0.5431527463390078,0.056051934163241376,-0.029726926137169877,0.08417757290341213,0.1363271841452402,-0.04585034410349269,0.03289868467201003,-0.3752859482881949,0.10070424420587609,0.00915422572902304,-0.021707466367123247,-0.03577845882144494,-0.054128118123692504,-0.004796002556496693,0.024119271516788398,-0.11964825839437122,0.004761584752471418,0.08834712522213803,asml,Q1-2024,Semiconductors
0.046921903746112825,-0.016325555293736672,0.02127605012410591,-0.11024912449233015,0.025659544270874732,-0.14840503142133427,0.06241891219136142,-0.3007112725439617,-0.11828388575298426,0.17955682078786844,0.015104215275037323,0.20816628487579597,0.4882744140723366,0.03518662391828051,-0.009904712525004276,0.042471551950861684,0.016868015002284728,-0.05501250785335173,0.004773758058444712,0.4326255217620429,-0.1816164591325659,-0.008382638018449544,-0.04020040450834415,-0.06374091849736131,0.006963140824742047,0.0902245925691958,0.03811969292696209,-0.24627912371536195,-0.008159830612108546,0.06561140026580016,asml,Q2-2024,Semiconductors
0.011822392512364265,0.03268231232696896,0.03235259341137239,-0.1367465756754227,0.031056623932513426,-0.15821911246005055,0.042759166054390556,-0.3376859467870888,-0.09922174089559321,0.1795645356880704,0.027247129204498437,0.22276193481256554,0.4503854125691101,0.03852876840078759,-0.01898586550230606,0.048130087127587894,0.06929984463076022,-0.028468021015066153,0.005995541505771949,0.2324255242271955,-0.10427394587979512,-0.0051581666020100204,0.0061354703797592575,0.028236834446347954,0.10964070564686285,0.02327218404887382,0.0001472288280758849,0.09335123496026161,-0.030312872347538197,-0.17675059581239447,asml,Q2-2023,Semiconductors
-0.03608008287923314,0.01333875975816057,0.011377305907783408,-0.14722669825542287,0.024348786980953715,-0.138731308189692,0.02937941145614303,-0.3533744218778479,-0.11941481320166289,0.18936471149090311,0.026408084621716222,0.22171804343476728,0.5112509628968536,0.05575015398267047,-0.042983806076381866,0.05325708696440534,0.11398866757131157,-0.01699315928603777,0.07075197436798777,-0.3762804528190149,0.11972034387341998,-0.02226675030679566,0.01560236276553874,0.005731116301070017,0.004898818423749027,-0.011946719131085104,6.794941014126012e-05,0.05119558906354947,0.007080347314490023,-0.020372737093759374,asml,Q1-2023,Semiconductors
-0.16340813993841466,-0.2676691409689463,0.11174325777116172,-0.16003356945958713,-0.11779114756796016,-0.1534568266693262,-0.0913967385638914,0.05196685382475922,-0.08425206889130976,-0.13032468393891794,-0.05666999742490142,-0.2403748806945723,0.09671220548398506,0.0346132448829636,-0.09654438924606785,-0.05702658730767059,0.10303090929343907,0.5439290376308232,0.11883404515334113,-0.0449390407117429,-0.15862286139378104,0.454728237506505,-0.012724338730011555,0.01036258726975529,-0.011935596955804624,0.02798348135180648,0.009568721157082839,0.007715880151375775,0.0004665235667849567,0.008567392292021967,jpmc,Q4-2024,Finance
-0.16952481403199532,-0.36213504159437276,0.13674718201572117,-0.2181168484196803,-0.15845408564701174,-0.2176034544199513,-0.08969270072541222,0.0939564991539743,-0.06896548116645317,-0.14346126603858544,-0.054089381824626886,-0.2387005974553621,0.08560756702516582,0.0413123694720063,-0.09447242953611175,-0.05111609059846824,0.08139512728414793,0.38049697274909133,0.0786358341301949,0.015445500722232962,0.02626953541040913,-0.1830390330611261,-0.009560883003798112,-0.024008066107738747,0.009155403904896954,-0.01575313058897756,-0.017939388881813543,-0.02163879030076954,0.0005680602770144658,-0.004437217949201187,jpmc,Q3-2024,Finance
-0.15080337307714844,-0.34662175788014143,0.12548482114807716,-0.2010201469284557,-0.13697265209502252,-0.1996937440722404,-0.07233976028434602,0.07881707302043502,-0.1098266574122796,-0.132417996905651,-0.05677731340134082,-0.23563003838404267,0.1087083641219822,0.026077389634836384,-0.09890318531540762,-0.0704837936823961,0.06342277495569751,0.3795231272801936,0.08322533047265612,0.023093924805760238,0.04964867859506075,-0.2512443115391508,-0.003432549730794643,-0.009443309573550381,0.018310861826930466,-0.020857900976019562,-0.004224776098649209,-0.017233714750836574,0.006281288645536128,-0.018371916150135368,jpmc,Q3-2023,Finance
-0.14374062258532203,-0.3687073064518346,0.16090058435992463,-0.19185592357594772,-0.147593753136876,-0.20643451807273389,-0.09109407092785922,0.09007641802739222,-0.10252254299481929,-0.14286364777824673,-0.052202512030977526,-0.21772781161382504,0.0978844588366488,0.0215493439907365,-0.09499450980130358,-0.049401624078145044,0.03599379046540162,0.2410803293939907,0.053103153775688035,0.046030842050431085,0.07498501883598677,-0.31307474300856186,0.0023183862578855523,-0.007286475971943171,0.016297914973217573,-0.06082327315221877,5.247881601403731e-06,0.016488033775713697,-0.026009561149576237,-0.011536284950563936,jpmc,Q4-2023,Finance
-0.1850879573978215,-0.3914518060630339,0.1352641893637289,-0.21985060554609712,-0.1519225465956654,-0.21209673673092916,-0.08168442635407647,0.09136917491986415,-0.06692181896878655,-0.13527262315765562,-0.03814228340396976,-0.18700676435423827,0.08696746321098614,0.02533471260843088,-0.07297248959786583,-0.050309484787437665,0.04456680730762728,0.211614857729552,0.038334795485826544,0.04756043708132546,0.08157132107212693,-0.31413758882770826,0.005228299363409972,-0.01072190252543029,0.007666802115332689,-0.016231986150833655,-0.02197354420440414,0.014303412991050691,0.0013653923782102968,0.03936206320915571,jpmc,Q2-2024,Finance
-0.15537740427501026,-0.2187803081169792,0.08877671619984535,-0.1463820151774057,-0.09930330324678859,-0.13249488456568503,-0.08449086942344598,0.039440086831478115,-0.06806892113456632,-0.09782664592678553,-0.055006527407375834,-0.22111732122952973,0.09424673332870526,0.028592414146361878,-0.087046349801476,-0.06278880379586961,0.10189544847914472,0.5862824601316222,0.1251624479916068,-0.06722302568898424,-0.18200629671122165,0.5227574148471886,-0.012662214548796926,0.018015512862515647,-0.008845640973131935,0.037113870497253086,0.017099056596977736,-0.002243965781640996,0.003405687166414337,-0.007164237266034254,jpmc,Q1-2025,Finance
-0.18678247508439363,-0.40419436316790897,0.14258560028649372,-0.234058954522048,-0.1621247889665401,-0.2267189459752275,-0.08917780400050458,0.10643595963856188,-0.02405014796130176,-0.09576850180390216,-0.019770616605736424,-0.15979006078367117,0.08081814844004286,0.02321642982335478,-0.05501934614009221,-0.048011031671662145,0.04071259738942832,0.30979281572806255,0.06431586434088757,0.033642079301268626,0.06860763554774162,-0.2973391451701008,-0.00011370885525869682,-0.0011416304993856494,0.0009648086971695599,-0.008507203261827538,-0.010914680865794764,-0.012317602724027227,-0.0032157901323362466,0.00020745826151542923,jpmc,Q1-2024,Finance
-0.24058007676967588,0.09238524186902866,-0.17717357359160038,0.16398935145749455,-0.13944770967482326,-0.14569227857324157,0.44294234927136333,-0.10067149403968273,0.025997747634862105,-0.1157974364039863,0.41128657561056803,-0.06514311442881232,-0.05779812048173613,0.012366858916107329,-0.07637267734371501,-0.05006118755258438,-0.01142407724311184,-0.0060274480616268255,-0.0109100340622031,-0.023635143864786618,-0.012630796178942447,0.0118528679967659,0.01592872320614319,-0.007520769493373903,-0.036873091764231425,-0.03862967036708464,-0.07343154877409198,-0.024983012904104707,-0.06473083168228651,-0.029281106974143017,southwest,Q2-2024,Airlines
-0.2686321013198255,0.08923156099763396,-0.18088481672843792,0.19069735214019462,-0.14901702255989457,-0.17554190318359383,0.47856445784232393,-0.09219306164055166,0.018848875240265385,-0.07557321643168784,0.4222536633191765,-0.06174739212789417,-0.047091822028016,0.011677029911765415,-0.1064466040258787,-0.05759022084350641,-0.022224024956956436,0.016726293625337403,-0.009652703027403748,0.0030308269847099424,-0.0006137904206581358,-0.012543786766709496,0.021371131560907818,0.015530775798765413,0.01083415429890682,0.030220599546339846,0.07506988276853961,-0.0038691642322579104,0.05080896249268018,0.027894646006624706,southwest,Q1-2023,Airlines
-0.2556345699122061,0.08635308237930203,-0.2116019715455396,0.15746362275564255,-0.12919845053879642,-0.17207582685503464,0.4583933927455054,-0.09201276653357433,0.018580498950886024,-0.08230930569493315,0.3993590734051434,-0.062142611992189664,-0.06391032503966901,0.00793224723389441,-0.10101131454133498,-0.05739615252598539,-0.01518844191782196,0.027035127520458304,-0.005282765214304625,0.007171958927818365,0.01703139942853241,-0.024003580279609023,0.007264855078674301,0.00738393943583002,0.0364301027382681,0.03386138295036129,0.12951146790471188,0.015619715728996475,0.11161736854413326,0.02579954669320578,southwest,Q2-2023,Airlines
-0.2377199899318427,0.10427287604604635,-0.1738082342200185,0.17685963579114344,-0.15226172209182723,-0.15810211256643666,0.49374458889214345,-0.11156158079309586,0.009244477636709906,-0.12165963975575966,0.4496161742006357,-0.058259270782052244,-0.07316330989679874,0.010940540318086878,-0.10405931712647526,-0.029578804691456538,-0.012742978016556012,0.01134636992147595,0.005243422730394997,-0.01079974603043105,-0.005057055771896239,0.004137207916171529,0.03269280771481925,0.00011013658757671025,-0.016219876616001442,0.0010434053531745936,-0.006667256397865308,0.012171042854163368,-0.01585485060855993,0.01052151303458284,southwest,Q1-2024,Airlines
-0.2548367411512372,0.10431082412166112,-0.18932080498695356,0.1879596145028902,-0.15343046515962633,-0.15643746883444318,0.4924295362142488,-0.08914524850196441,0.02322222611394951,-0.13031200035145782,0.4432944007285016,-0.06235791681601178,-0.06851150462950828,0.0176575381584772,-0.09357233263203875,-0.046515291422415395,-0.016848036356824993,-0.000997297705936178,0.004567307608794362,-0.0008680010396735507,0.00862497359448212,0.00854157589040311,0.007569557228754755,-0.008449807383136951,0.010997113411395028,-0.003450424044927603,-0.017127043926534743,-0.010037919844287547,0.008247632756437357,0.01733278515423654,southwest,Q4-2023,Airlines
-0.2512419426352175,0.07321507999777878,-0.17170371102969878,0.15173500656542266,-0.1557952393509259,-0.14835813452980887,0.47916609864022536,-0.10521535596527821,0.02419451040965294,-0.12021816005837868,0.40089512778398245,-0.04881746809583403,-0.09382448582861741,0.014742013181915254,-0.0996347030711031,-0.039389232579948676,-0.02684581287904596,-0.025020863877230296,-0.013100069254202814,0.005815147360016554,-0.012841312997572431,0.012617766544380404,0.034512494199290214,-0.0055841426056275146,-0.031019863377627292,-0.041721084077846485,-0.1390030343128229,0.007932918898789597,-0.0733129507349636,-0.024466340266896182,southwest,Q4-2024,Airlines
-0.25134435161095353,0.10761011406059877,-0.18270220083050454,0.18202928969102608,-0.1441566344345457,-0.17398982768935262,0.48323969380450804,-0.10366386126304533,0.013567620624378895,-0.10514669047914953,0.41186196147858417,-0.056026897319710965,-0.06942749024075923,0.0029925268589158587,-0.09838806950356588,-0.03706463665367048,-0.005589300971387717,0.00823208667451773,-0.0014418846762731775,0.010586579112550721,0.004139913647855647,-0.013797669174222966,-0.00037777521915849876,0.007987647183081018,0.03247880306162858,0.0299145977347442,0.11976924697735801,0.0018550061299370446,0.06608132006251195,0.023334878467327895,southwest,Q3-2023,Airlines
-0.26741241775955027,0.10509464830229047,-0.1971582382516659,0.17045302401261406,-0.16521326350222104,-0.13899795926322323,0.48559139779840943,-0.09243659442465645,0.024276465988377877,-0.1328597054980895,0.4168445307690391,-0.059932105655155256,-0.09171669728974365,0.010880442407062853,-0.11488898458782199,-0.038441627639558516,-0.00370716188419752,-0.0198748407697942,-0.012251391300007658,-0.00916077978134275,-0.024619543656571753,0.014190426906251892,0.01703036847624771,-0.006828289839713213,-0.02991394369966375,-0.04712651152139069,-0.12864430415357103,0.012054299749122095,-0.08287826900106261,-0.03355941883621164,southwest,Q3-2024,Airlines
-0.328155634657554,0.4989592183796318,-0.024718303326555315,-0.11591943292280106,-0.0928453143701569,-0.02643742321052415,0.1851769093092276,0.48412405093534205,-0.09479501702446064,0.09427890073216776,-0.28775805824230266,0.0492752692061704,0.11054678649135809,0.04744766094259124,0.08262838661390387,0.08649101643488354,-0.0023619961024127,0.010111897559163016,0.003727886265355422,0.0083986647203532,0.007651975014459146,-0.000875681484323636,0.057898873487033375,0.00594116688665919,-0.00785916401183922,0.0019835337613636323,-0.034850860949317504,0.002457715772277593,-0.022957287019481944,-0.006231766132407809,americanairlines,Q3-2024,Airlines
-0.3489742670867165,0.5127245138485328,-0.044256342388241644,-0.06839845417923328,-0.1012288299653339,-0.0627980550823981,0.21040590689691624,0.4543041504236478,-0.08736208472028618,0.0941561061929357,-0.2041562214922342,0.04178393268171441,0.0814135055549448,0.0496210587783841,0.07534476514727433,0.06056650781225034,-0.008880203680822624,-0.007384997119111554,0.004458647060498712,0.0015606357443199495,0.0027031745650156445,-0.013835673667295755,-0.048142710742990334,0.006133344653637988,-0.0029495883156437776,0.034842430521209715,0.07388102378373217,-0.0021104368569560806,0.02833511030930013,-0.009268124777064343,americanairlines,Q1-2023,Airlines
-0.3565275791908964,0.531524213608321,-0.03187538959302424,-0.08262864837669956,-0.0968124951060701,-0.04055617449317728,0.24598185735874717,0.4914006533991195,-0.09021584843943947,0.07435525349650093,-0.2285294677961943,0.053602192647277745,0.09270175465688892,0.04166903664947659,0.0761248194805784,0.06982926387729041,0.008097693015266529,0.004311108201508415,-0.0054063147828330585,-0.0033862016683337288,-0.009852525168898873,0.001597848438599948,-0.036495640647053934,-0.015829229928352246,0.0044032051127137145,-0.023719083242617355,-0.0023075764288657827,-0.005266891505491511,-0.000909831344922784,0.009097345244034962,americanairlines,Q4-2023,Airlines
-0.37125621190702895,0.5402259082362405,-0.027999114560811486,-0.06453969764006486,-0.08967457932518312,-0.04184994331288816,0.21702831354943705,0.46920354704967315,-0.0787193900457684,0.06571075557986522,-0.21700603628084367,0.051185691064768175,0.0733855966542082,0.05741370047026461,0.08383876954742284,0.05724177974338106,-0.0015583107021619697,-0.006970953633932626,-0.003176027315248077,-0.00678741563093206,-0.006367390219668632,-0.006204942698901628,-0.05264192990174131,-0.013967233901254417,0.007857980762446664,-0.008225783013946657,0.017663388520034948,-0.002066028893057778,0.022363593781561813,0.001900364922963654,americanairlines,Q2-2023,Airlines
-0.3470223560244806,0.5150384795277555,-0.012892156825694404,-0.10564779276767952,-0.08528165581835737,-0.016951474105874567,0.1869802865676337,0.49364376742220034,-0.08188385478263183,0.08153514599597525,-0.2836917625306009,0.043093178422236866,0.09200343190339208,0.037331119133587845,0.08810483184933324,0.10052744920934217,0.010617856221665816,0.014540301335803536,0.0016803222240315179,-0.0034530131660700713,0.0016904069647899792,0.00758683859675054,0.05818099483212497,0.007471463812197645,-0.006884310476075519,-0.0103535660274178,-0.03075919551457079,0.029610283520376087,-0.011551211304635082,0.004741064285762927,americanairlines,Q2-2024,Airlines
-0.358609714771059,0.5262215645076425,-0.03669536115720427,-0.08780843757273818,-0.10680784894873052,-0.0676737591367739,0.221950093379299,0.46793650229642114,-0.08095930301858219,0.07425862216145208,-0.21438609074684986,0.052755000641161974,0.07745972953411255,0.049258535282313304,0.07494442429325215,0.049037101585974976,-0.005493133128925177,-0.008484937974035786,0.000207311736936522,0.0023616627237180447,0.006815822877344721,-0.011738864172777096,-0.04850678547598411,-0.003310184602873156,0.006084968602372704,-0.0012184799474062996,0.026420974171379934,-0.017870732323968415,0.016730456697440783,-0.007700605397799625,americanairlines,Q3-2023,Airlines
-0.3547318068903653,0.534851740580176,-0.03128038633599104,-0.08670664608882116,-0.09865426619815719,-0.04500667979304662,0.24906184108055204,0.4855717772804094,-0.09168813344105119,0.06743068968318158,-0.22407075534774118,0.055521476704106315,0.08328142993394021,0.03920930365473975,0.0788265002781216,0.07495698703793842,0.0034192655222131307,-0.005537916466106774,-0.007257945169244278,-0.004772620935944455,-0.005911080804412514,0.000408733963149071,-0.03460835394648756,-0.011444294095094338,0.013597401388220904,-0.01293966380967628,-0.0007461196054734176,0.0035727984379929235,0.003961148785320034,0.0040724580181041815,americanairlines,Q1-2024,Airlines
-0.3486844110581028,0.4939478358251614,-0.027072625606364482,-0.09383584684409285,-0.09009656552977466,-0.04470408485790609,0.19397267468756302,0.48490839398383867,-0.08260834388963652,0.0800186599611756,-0.2628857949995775,0.04282448665427383,0.09561054143640632,0.045873202892949154,0.08918563911059736,0.08761466852106965,-0.0058719846725887,0.0071250836578479314,-0.0017105492456537417,0.003699078015652509,0.01031626280586994,0.005769895142454335,0.060797697431154006,0.00010637182874203577,-0.004298918071705862,-0.010620647145793511,-0.05034016954032433,0.0016441704762048474,-0.024494283084752738,-0.00035145347522995684,americanairlines,Q4-2024,Airlines
