SVD_1,SVD_2,SVD_3,SVD_4,SVD_5,SVD_6,SVD_7,SVD_8,SVD_9,SVD_10,SVD_11,SVD_12,SVD_13,SVD_14,SVD_15,SVD_16,SVD_17,SVD_18,SVD_19,SVD_20,SVD_21,SVD_22,SVD_23,SVD_24,SVD_25,SVD_26,SVD_27,SVD_28,SVD_29,SVD_30,Company,Sector,Quarter
-0.3263734501815112,-0.34604357564630855,0.0727690017218561,-0.490584126197179,0.17368457180730068,-0.5013336527152934,0.3221290607033036,-0.2653756792631215,0.0917192259910912,0.029854506649254396,-0.06405169354689466,0.033644643636081856,-0.0021435744750774397,0.030421403075028202,-0.009201099719708387,0.013977203018987108,-0.0015591075365928061,0.005011285494696505,-0.0038490199068913654,0.004212888177931856,-0.004866638224294946,0.0087078682321159,-0.003084995152305226,1.836867960007652e-05,0.0025617499579382945,-0.004106976771095264,0.0055028893590739186,-0.027770809748862847,-0.011989031884932114,0.009377171578952384,Delta,Airlines,Q1-2024
-0.3282641196251448,-0.329553326903522,0.05701613806214962,-0.4994704100345718,0.16776243361753415,-0.5016886813769249,0.33128958529496366,-0.2709117583075692,0.11446530112904063,0.03853454981193662,-0.06725543326746036,0.03366243316181232,-0.005601358641638441,0.03173371807861165,-0.009203213573755678,0.014924641408474899,-4.599798838777344e-05,0.0045941315022331565,-0.00760050194929932,0.006567680569768672,-0.0011224308102470329,-0.0005654343834512106,0.002626686352190509,-0.001369630654380825,-0.005055794064986403,0.0002015316265575248,-0.010419634394922763,0.0034324171322068393,0.0001544607665658414,0.007538296568660962,Delta,Airlines,Q4-2023
-0.3082409251879144,-0.3352411387541089,0.06953059303053759,-0.4943094631475386,0.17265786304984793,-0.5037670938917092,0.32568649497794155,-0.27351419365576574,0.09932154610484213,0.03303414050505987,-0.06255352425841697,0.028809952307935007,-0.003428498741965457,0.032461907379423456,-0.008552131261258237,0.014722688306333175,0.005162799423749165,0.014600627455701306,-0.010729603177762519,0.0062026032320113295,-0.0026961673634287695,0.0023745864876574827,0.0036884068503761553,0.0017591557721345365,-0.005388989201871062,0.00047476491387324376,-0.0027568468879239174,0.011664267094072209,0.0009078854328798433,0.0025595377563668795,Delta,Airlines,Q3-2023
-0.30049179406406346,-0.33406302342607413,0.0627348205252218,-0.48911350202689174,0.16648918890706482,-0.5189930201595769,0.31350323064696534,-0.28300678516366784,0.10808920659174348,0.03960225644236828,-0.07145191734466003,0.03977944362433941,-0.0018584494483747417,0.03522823464474815,-0.008648029608906321,0.018944421444449057,-0.0031864295700611282,0.0072634358996062475,-0.004338557920519284,0.002928661125857728,-0.008190486976688375,0.007371399379775249,0.00022651943697501686,-0.004856528553134018,0.009794223789963048,0.003624499068176342,-0.0010090834208862892,0.009056212908476685,0.0061358632092788174,-0.01232704527375007,Delta,Airlines,Q2-2023
-0.30685689895503115,-0.32942543236746663,0.0701043581242721,-0.49022197472463874,0.17218792083330076,-0.5077716908062941,0.32808591844832014,-0.2703069198949151,0.09775660250312285,0.037937453070266074,-0.06363343329788014,0.0244695074616284,-0.0003679541559282187,0.030259344391626447,-0.01252436922377685,0.01286461787784639,-0.003785625687298611,0.007001764604086603,-0.005494844009618757,0.0036233422415693833,-0.0022405374178930486,0.017179963166688603,-0.0009428779421189602,-0.0006014835364546264,-0.0014735501848938295,0.004388957483404171,0.005380076783211808,-0.019239276586131202,0.00791715701967854,0.007831677756256039,Delta,Airlines,Q2-2024
-0.3522164777449485,-0.32993040735434104,0.05891826401179347,-0.49125397988928676,0.16039017235103714,-0.4787345349948608,0.30138563464246415,-0.2619872486180369,0.106881935262104,0.03712518068129062,-0.0613185503090932,0.03970641977223518,-0.01320714366124819,0.029589091395869942,-0.017898760463313658,0.0214299252087468,-0.008901250383714105,0.0057427816295986915,-0.01800881433309424,0.0003732301372793558,0.007756030998378684,-0.001589405732794636,0.012033123161501869,0.0036584099495988827,-0.001095089127205027,0.0004594556286201609,0.01124114733618964,-0.021891093335453072,-0.005663484699989811,0.01347680047474687,Delta,Airlines,Q4-2024
-0.32296824981072286,-0.33551487274980485,0.06569003159048817,-0.48645287545695265,0.17000864445645922,-0.5071947035163175,0.3184215996697965,-0.2730147616137618,0.09940275571108406,0.03187884577467251,-0.06101455473406053,0.03603488404176073,0.0014009392282844032,0.026945992316726692,-0.01230503433455119,0.009303447641067077,0.0028469481498564074,0.007923905204626696,-0.004276000100030274,0.0046278331090731355,-0.0023823804601839937,-0.0005007333510903349,-0.00460101235989404,-0.010722831881693281,0.0031192649069077425,-0.004571329622269357,-0.009199771185615057,0.024611147337038602,0.008697734918661666,-0.020849274589408617,Delta,Airlines,Q1-2023
-0.3207601376209412,-0.33014451189130245,0.06725322380816237,-0.5086668625940626,0.16473226250107992,-0.4983772937048105,0.3206398497081419,-0.2805326770732899,0.10479927904206598,0.04844984380937611,-0.06100572797626928,0.034837617151620905,-0.004485823708596118,0.01879241252066378,-0.013391147620542256,0.013013848731740793,-0.009465264031799028,0.006334132154042544,-0.007184548707881883,0.0007621156279853829,0.0005551320847946068,1.1658722932641126e-05,0.0028061738846220704,-0.000701512922766,0.004230768558613862,0.008802191279563968,0.0029526828382822378,-0.017672520324646532,-0.004291647814271778,0.006956033272281183,Delta,Airlines,Q3-2024
-0.543600854736794,0.26288281656182066,0.10378774504224812,0.19797304678337857,0.033282086338774476,-0.19380226866070838,0.005149428566856759,0.11276126125546028,0.059517489652623226,0.041773755547694524,-0.107909102672462,0.013526383353724924,0.04350058703312524,0.14869638439987928,-0.014215085046365544,-0.042385000035028576,-0.472601436569306,0.0016690220328050296,0.03721977078772401,0.004034481020993807,-0.04445247474588617,-0.031109342425280444,0.012429587904980248,-0.0008289949208874506,0.09290500108201863,-0.3401585441932456,-0.14082841790523798,-0.006938037011902714,0.05885332767132581,0.032013976869546636,Intel,Semiconductors,Q2-2023
-0.5219741178839399,0.29112840092002573,0.1220489104453277,0.1925945750421367,0.0375072841542715,-0.17971396600974732,0.007039059188115737,0.08075047929040131,0.0638645039521879,0.03072550499322923,-0.13163405978413817,-0.013191299871757987,0.043044217302108057,0.14614868497087027,-0.03645350334829109,-0.032768915191241595,-0.5299514507717481,-0.0019843567285371773,0.048126130628213505,0.00852153727538864,-0.02481315310273883,-0.017975426603647936,0.003845405419799717,0.011550678596480377,0.10317720421536092,-0.24608038066564897,-0.08679177834786744,0.006161541348420475,-0.0021959200504211235,0.01843862085887531,Intel,Semiconductors,Q3-2023
-0.5352150602521013,0.27645860313449716,0.14081266152159955,0.20733351733920927,0.022255310067700686,-0.19137428148079286,0.005403232349114394,0.10782940953856575,0.09922550835430682,0.04199015641457173,-0.11973338305303612,0.006228054543054237,0.0475547011566133,0.19024717426791624,-0.03810292639815487,-0.033150638476228816,-0.5384997696768585,0.0262266163171357,0.05747755422474461,0.025622572781465798,-0.0206452028096475,-0.03428642096616934,0.0025147237381547226,0.014816749933371865,0.05333535916632119,-0.08777570626241599,-0.019075384265165224,0.010216729774794531,-0.06918315560407194,-0.05650563455341067,Intel,Semiconductors,Q4-2023
-0.4608399915720003,0.18979273190207518,0.11988629571622819,0.20723270438498473,0.004880185618007198,-0.17419222710045487,0.01449615873419478,0.11232160051532039,0.1160025720361312,0.020643809083887316,-0.12883653011063986,0.020373051255877923,0.02802921082119593,0.1515676568655045,-0.04708292610684585,-0.04262677995828935,-0.5857374018760877,0.04396210096311369,0.051142841104629355,0.04472508238618874,-0.013269650978134154,-0.023386416230266775,-0.007693220614996888,-0.022288588549884532,-0.010246772098691473,0.19346128943192353,0.048311780130782675,0.03992544886222168,-0.1354666888325941,-0.051350703802210115,Intel,Semiconductors,Q1-2024
-0.5201152434377703,0.1760431505656312,0.08020252113622223,0.2481449429346193,0.07241598277367847,-0.17085560132428648,0.007606492269527659,0.11966276988479264,0.11562525470944188,0.0003151089333414987,-0.14254086690017653,0.07503071682802283,0.016458014773861697,0.13714525606122932,-0.041480091140281124,-0.028602113328792235,-0.4799691864628955,0.006483362621023132,0.04480188837823785,0.020669517464919556,0.02247139795054961,0.05357004709283268,-0.024344504577764308,-0.030597085054168454,-0.10036756670381572,0.22238930779001187,0.08365746824035257,-0.024408377659379327,0.052738159194057825,0.06200237623154099,Intel,Semiconductors,Q3-2024
-0.4961522464946855,0.22150306464121022,0.10788368568352837,0.21353829254317425,0.021199965514040433,-0.20193657670150825,0.032246357679536784,0.16407153850834788,0.08080212665345954,0.022752222778549026,-0.13616212444197645,0.04849964741458925,0.025167300191825604,0.17818062786497738,-0.034137526043497124,-0.027607762403954853,-0.5154221302973546,0.021217731594651974,0.04884812510717164,0.013658676642797529,-0.025865516589734575,-0.03848017284075614,0.01192684036064663,-0.029696960836515542,0.05312162621959419,-0.26583418225836997,-0.09980001404520666,0.012321586362684532,0.026266460947872435,-0.004280138248374696,Intel,Semiconductors,Q1-2023
-0.46384504808160426,0.16763980007042778,0.09540918604903738,0.21281528657053686,0.019272670565118086,-0.18096908608069837,0.016947311238685432,0.1392350690097502,0.11220339197493713,0.021191856932297075,-0.10857170611752562,0.038926201072233914,0.04837608680995913,0.12320465884400439,-0.04632483189086381,-0.012944187193705018,-0.5469727836279208,-0.011034139026035561,0.06813694353645894,0.04538389340944784,0.03138986623908461,-3.6029399266198625e-05,-0.019344933825183444,-0.030181696087219014,-0.1181288595803885,0.3098059221609679,0.09115154216660723,0.04441977813614061,-0.11557611180482602,-0.026339759083538295,Intel,Semiconductors,Q4-2024
-0.5158664927950987,0.21870518079890974,0.09174785523193775,0.21708551650419428,0.03517358009269762,-0.1760509584948034,0.005533999041867615,0.11650221375833111,0.11759135743903903,-0.0014097396470227357,-0.14318069938785521,0.044656509323397806,0.022263007511029356,0.1484315950595084,-0.029636511087948854,-0.023101561779913994,-0.5134796031629608,0.00232938806424324,0.05854806792599941,0.030672591841144663,0.03514738849489464,0.025778090331334245,-0.02539444445880909,-0.021632428873947035,-0.07225043879699052,0.20210801817909452,0.08107703908449557,-0.056052094321323125,0.1284570471502801,0.01916138573741494,Intel,Semiconductors,Q2-2024
-0.279706901917114,-0.3314653373869643,-0.0224215176964518,0.4078618355204915,0.7383388071061986,0.04345837303322589,-0.11098108730290447,-0.13436308343611725,0.07392167731841402,0.10887777409167407,0.1253159865360672,0.029629098427986396,0.02503843611120204,-0.06973769423776142,0.0021289711884769596,-0.013159538361559094,0.026325743923860247,-0.009408885830358647,-0.001106683439629568,-0.005523366771080763,-0.003539444711652755,-0.011522239995133741,0.004975969993406667,0.0004626568040915181,0.00046448108666720123,-0.009548109403061392,-0.0013138035120894723,-0.0026367555330883653,-0.0016284555047055387,0.0022367940682376307,United,Airlines,Q3-2024
-0.2551470700732327,-0.326547631701007,-0.021884702786825028,0.4034160098909414,0.7455792281930621,0.04338343754204947,-0.11038977493025373,-0.13265539040843372,0.07192883731519271,0.11021026104571251,0.13096624020933897,0.022175117748376137,0.02917220162027883,-0.06726334541581878,0.007683444028113135,-0.010977938726911596,0.03317260160206369,-0.014028774545801126,0.0023705053794264297,-0.0026427177196723124,-0.0015924379090638708,-0.010416262888312353,0.0011017530459270528,-0.0008660236702200624,0.002160678220830707,-0.0003363838006401458,-0.002868054362449219,-0.00026672865026434485,-0.0010742448298546453,-0.005768749532021138,United,Airlines,Q2-2023
-0.27466006587361547,-0.3180646283181674,-0.009080213752484433,0.39936464142507677,0.7395202428787307,0.03346545630009868,-0.10107189878596172,-0.12670424962413634,0.07143400995123811,0.10454840149935611,0.12928803097185707,0.028303966116070504,0.024917956383603165,-0.07357348688106842,0.0076643557470858865,-0.012338130032830708,0.02912463876322903,-0.01815822589961986,-0.0065213315240168195,-0.01214726989347608,0.009703340053359745,-0.00034288761211524217,0.006666967719502904,0.0013623602733613214,0.01097024688566539,-0.004232271374949623,0.007289142637334237,0.01868927554509562,-0.010016695829419832,0.002752099590388483,United,Airlines,Q4-2024
-0.270694163656581,-0.32761041159210375,-0.01681384489068684,0.39885962926470614,0.7417208682940221,0.03526765268992072,-0.09851819080629813,-0.1296866012985625,0.06863678772646754,0.10835008076617857,0.12870165499376812,0.024548636509205062,0.025995816669532632,-0.0686095734965945,0.00858017303351359,-0.009742408761624145,0.03117661369555876,-0.020974972872490758,-0.004986816556636377,-0.007773810971104347,0.010429481243731095,-0.0018734329681996387,0.004309273585199608,-0.0007096876267092606,0.004655093458510803,0.00017193695897409477,0.012026762137392757,0.0005626495179416782,-0.010285675577264971,0.007589271256312988,United,Airlines,Q4-2023
-0.2704252362908873,-0.3300554469600454,-0.018224687785948497,0.40739030067177595,0.7446141285190664,0.037858112332312455,-0.10881256722323976,-0.13678142410755395,0.07182626724378742,0.1077538169906394,0.1298828821986806,0.03405157100774937,0.017981234858547173,-0.06886579504232965,0.005674896075967374,-0.008640445657105566,0.028417813060693332,-0.01442743101201075,0.0003027795879092545,-0.005540458092491514,-0.0059141728748478015,-0.0027239436673104807,0.004126079257124754,-0.002258093473286985,0.001288787715040853,-0.005303303150439622,-0.00535653290830131,-0.006371816878106899,0.0029879063834259032,-0.0009149539621688859,United,Airlines,Q2-2024
-0.26337044380976304,-0.330582423200257,-0.022681084482006578,0.4022080062201327,0.7491857339496262,0.038684631916811985,-0.10476201668306531,-0.14288871510639908,0.07408681855952313,0.11282281110282923,0.12751265284268976,0.030411829497111867,0.029373176638626312,-0.0690919111664523,0.005393960247625919,-0.009436515780598651,0.0325638335654904,-0.014052531454974336,0.0036005157794591863,-0.0037080744843701902,-0.0030124883184537246,-0.007876888793294061,-3.8519898316225146e-05,-0.0007166775903916548,0.0013096757198987528,-0.005964214152345983,0.0005827376330630948,-0.003111583590886986,-0.00017914662034198252,-0.0019568985202985433,United,Airlines,Q3-2023
-0.2634318787379964,-0.3216862340325935,-0.02866388942075938,0.39012599784719554,0.7111446261782,0.05007548426262791,-0.09509479686353496,-0.14137946599213078,0.05894433516333586,0.11855602603159539,0.13473657817815254,0.00969418795163395,0.03241969500850454,-0.061198895462428855,0.0018974067075851464,-0.008805929382433941,0.020183560774951034,-0.011413013182413674,-0.008120716161102635,0.0036478040028685805,-0.00600727290301866,-0.014306768754948917,0.008958556639429849,-0.0018880223150075405,-0.007068918638303198,-0.003744658034309855,0.004236688014976967,0.007850150728237913,0.001705372408170452,0.0014430724524228786,United,Airlines,Q1-2023
-0.2708064020697734,-0.32957627301779374,-0.007158166479064566,0.3978991397548284,0.7467892573948333,0.04722218601625782,-0.11192630271549521,-0.11447596891278969,0.06112228755997044,0.10793976251022505,0.1309280419794546,0.011987458018380158,0.027353353370585344,-0.059964799592927456,0.007201607259759171,-0.014173366605869944,0.026427198157798898,-0.01221020373353348,-0.002264277238420276,0.0020985058187954903,-0.008302150173126717,-0.00720989610064605,0.008664182078263557,0.003071963007830522,0.005280587390472982,-0.0018840314546675835,-0.002372939511651408,-0.012968815251395871,-0.002669627701067773,0.004970024124795274,United,Airlines,Q1-2024
-0.3621589668706335,-0.10456500598037528,-0.06659967641200415,-0.1974601699272244,-0.04432463113557053,0.14357304228289822,-0.04203937503432967,0.024311871148816205,0.17448186019337775,-0.36217284328316096,0.5762170236542211,0.06917045840190829,0.3195432518903429,0.21366221391526552,-0.02254857055316486,0.005881975373245148,-0.06265815049646929,-0.003297434839868174,-0.024606751663648067,0.04833203028427587,-0.013993298214810197,0.03547285078167349,0.013534107159044961,0.0018215312780590382,0.02202622898836248,-0.005432277756980272,0.011961177824705875,-0.022909704119248586,0.0077994445077454065,0.03521720934838703,Uber,Tech,Q1-2024
-0.3558116878791299,-0.12406911739541336,-0.0635275514615914,-0.1904909267447738,-0.0630120370059226,0.1169870379479142,-0.02372396682818953,0.049573529785113854,0.16456751376779055,-0.32982583765719065,0.5873743191613254,0.07792563656460312,0.30548168264512104,0.2533758593162509,0.02522687603611556,-0.03263238006807248,-0.06144645498057536,0.020287168866482252,-0.0008817269095769705,0.015954086959239406,-0.012568109334312464,0.008292132737381806,-0.01334754417281489,0.005918859417799323,0.01903233929614175,-0.004752740934041561,0.008321259537172875,-0.03733057325003867,-0.013725292168503565,-0.047461038259342406,Uber,Tech,Q1-2025
-0.32415306268682326,-0.09611110849526738,-0.06796830015556053,-0.1851491680081177,-0.04776870738365921,0.1444003706851121,-0.034567479848843334,0.02278303325884269,0.16787445605031653,-0.35265699631007447,0.5742092688890552,0.07802836096737431,0.31624704882730714,0.24511858878107706,0.01512610163983247,-0.04069932361759067,-0.0720080743872281,0.010215830438694225,-0.02228776957744137,0.04253584054997359,-0.025224802338721534,0.03606009460086677,0.0061480774970308644,0.008894069068486585,0.04285865630119468,-0.03438082134636704,0.036527964732792566,-0.1988469104594577,-0.04515428432070791,-0.0017003547790179919,Uber,Tech,Q2-2024
-0.37657896901093696,-0.09613613855910995,-0.055500461574236215,-0.20138755826179647,-0.03739419466755232,0.15495146170877055,-0.052223337578992765,0.017296350458891434,0.15403923775004555,-0.3156534221968285,0.519691413859677,0.06290493863854311,0.2814007095694613,0.21329331209463656,0.014656257797552462,-0.029684529618520427,-0.0630852761398857,0.0012865061959431968,-0.04280465635721865,0.029731716250857822,0.0017467447789703133,0.026837265836175475,0.012959723822452944,-0.008350157097591892,0.02553892794745406,0.010769075855793108,0.003945481537028484,0.13286345448231307,0.04405369063599431,0.07214999551391388,Uber,Tech,Q4-2023
-0.44300233552039403,-0.12838451627167685,-0.059516867633417965,-0.18780895219877702,-0.021842514643689075,0.13111482169531014,-0.024377037667112928,0.02433616464420667,0.13291989998552972,-0.24157397216698534,0.3752833141739444,0.058635225308770335,0.19597533193859465,0.14770940594471832,0.022467432304258687,-0.02558002473234936,-0.026403223946368973,0.007241312043788324,-0.013711151628158997,0.011622689793245104,0.019259463712966347,-0.013849361650585127,-0.013425128881110892,-0.02018762802943469,-0.07564088547799497,0.05926835496476199,-0.09525228237623748,0.5375144510616695,0.16482286846502364,0.049023837177976454,Uber,Tech,Q3-2023
-0.39849098768287294,-0.12359771123862304,-0.07604693496743826,-0.21066269790585052,-0.048430243589156825,0.15800216592840827,-0.04263519036564915,0.0157404903619113,0.14315332886470417,-0.31663248270370786,0.5478661573095632,0.05417723402211501,0.27659647401360254,0.2525048578149537,0.01638329459907513,-0.01959528881499162,-0.0584320292214386,0.013590053608798185,-0.01428220843373606,-0.0023585761401674417,-0.005583954490716272,-0.004510842857998074,-0.008296135190722614,0.004008462984505512,-0.024038099653865764,0.01073154676513173,0.012982869914148019,-0.012270262365775948,0.010378397108247976,-0.02058617861465224,Uber,Tech,Q3-2024
-0.4015462640535268,-0.11851832752361419,-0.07746211978913786,-0.17365767135566146,-0.05310545165521022,0.12920864341868843,-0.014969885353559606,0.03181204054458925,0.14923891216089502,-0.3289880079154394,0.5414741029843695,0.048644734540598734,0.2647409539590826,0.21464766675756777,-0.01783910864493841,0.012830448017100659,-0.02936557443625961,0.011560928916068226,-0.019909113636186977,0.04937787709876498,-0.008900638818764932,-0.007513469414772552,0.016003723145790193,0.0055514534819182185,0.017258380031220436,-0.02185551103564726,0.012012016698028066,-0.2566783297269013,-0.09164340660041564,-0.05259996480776681,Uber,Tech,Q4-2024
-0.38234605200233646,-0.15945844558013006,-0.02232830419262893,0.14647163368484759,0.04854692033050425,-0.03913311139724836,-0.020819642522018914,0.2338785077158656,0.19471479138336953,-0.234890016619496,-0.17509543847319306,0.2776505821226379,-0.4112481661161269,0.36674283718467876,-0.015420283236102379,0.019690395451214385,0.20328009286354576,0.03270217688956154,0.03323136678822044,-0.015771345647384458,-0.07899542808261378,0.22344437007846266,-0.040066529638367,0.009164196368678284,-0.028429286066215607,-0.01877093535967877,0.00572825561963469,-0.005421730474144123,0.021064980599804915,0.07829484826871316,3M,ConsumerGoods,Q2-2023
-0.4554140916046458,-0.16403963380502876,-0.07148859608854209,0.0300603656930955,-0.05194365922424842,0.010514544523747749,0.01851305883893699,0.18203437433453368,0.14841530900136735,-0.14916701651717973,-0.040577738216439806,0.16986715778317332,-0.2775432578795036,0.1804384014483054,-0.005225412729637677,0.015249296804330917,0.15506675197516395,-0.000800967804048406,0.07134289390708069,0.025729075931538864,0.20422555027158404,-0.5929600508416099,0.10017572997926927,-0.021674258812965346,0.013670110145233788,0.019873840742666286,0.02288420961939164,0.012052979441965069,-0.03288547923968835,0.12919523050628715,3M,ConsumerGoods,Q3-2024
-0.4118759102832267,-0.15380557734326797,-0.011721510461834079,0.12510712143203026,0.023340574498598898,-0.033480145840098834,-0.02860474197309774,0.23914906948262263,0.18804985547337938,-0.23529220559291858,-0.1674128339080164,0.26374154997701876,-0.4032107442060737,0.36798290228446745,-0.02249973685749391,0.0057214676303372425,0.20702274682186483,0.04544298327999038,0.01202250602818447,-0.022336761753994773,-0.0820839873452572,0.21175849273108643,-0.02051455777837823,-0.0030709521715028996,-0.03558347169104517,-0.014813424194663102,-0.0084298989306731,0.007663349451320887,-0.00406447251875838,0.10015629932546079,3M,ConsumerGoods,Q1-2023
-0.3571721232429881,-0.16868003945560625,-0.0312698550763622,0.1403314132878967,0.06383229869492243,-0.016818287881217232,-0.03610698448496768,0.19432595995624893,0.1781328934776345,-0.22174566260235584,-0.17224804583960956,0.2672502269305494,-0.39130816607431057,0.3680154266801155,-0.006665191111453054,0.008138764873592623,0.19675102176778517,0.022101139145526725,0.020385807277908327,-0.03612017981203081,-0.08520988268545428,0.25739737499934595,-0.042665311876525426,0.03531317407499275,0.03380237979269349,0.021865071240041636,-0.01605396987065734,0.0023415838323105577,-0.048102031500776445,0.003044378562254116,3M,ConsumerGoods,Q4-2023
-0.3978958621875789,-0.16456285370134946,-0.03262251429810433,0.12382545467016295,0.029103156904783444,-0.029488430199515827,-0.02133406269171129,0.23576218041566505,0.19577861000942692,-0.2455026880974512,-0.16993882337716265,0.2800979801811119,-0.4177080826449073,0.37523904028498234,-0.004778586852930884,0.01991415830497902,0.21907103402940534,0.026696111225693733,0.040457459058529155,-0.0242067289235887,-0.06302484614361799,0.18723916877005722,-0.03795060874989821,0.005050792761066786,-0.007458632237607367,-0.016190694750105768,0.0022197665280321785,0.026503861419151502,-0.059738741044502414,0.08757886218601084,3M,ConsumerGoods,Q3-2023
-0.35865850812125105,-0.16375002077801074,-0.03384814016166106,0.13438990310910748,0.05170283313215411,-0.023819037713419783,-0.04317223820931781,0.20023066903182085,0.1883352011473143,-0.22277249545546982,-0.16625044241694897,0.2695071391067293,-0.4006821594082868,0.36131697802666435,-0.00817799125355163,0.008866985687789491,0.22315555793366976,0.01575757619002595,0.045170347848893636,-0.03352251396916413,-0.05431249137717413,0.13205602086938856,-0.030938967601956163,0.019787760796210817,0.07324029636881978,-0.011442881232140928,0.002794435484194077,0.005100348661852249,-0.011386200814325172,-0.1925296892260555,3M,ConsumerGoods,Q1-2024
-0.42691935807998027,-0.16346880407442788,-0.07004734325114481,0.06424811492929017,-0.04073197195490277,-0.015962916483523836,-0.004304221694062853,0.17522977408970955,0.1480199442251354,-0.16251320393589724,-0.07189697388704436,0.20493205636135414,-0.30047252497528265,0.18719881841839575,-0.02138411832110114,0.0044477888223558165,0.14685243853497087,0.0012727508698284365,0.0713239338367273,0.010225867430428207,0.18180222309581529,-0.5787275019344789,0.10111633065639844,-0.012540409871538821,0.010320953103414337,-0.01547603165024185,0.058370040046230476,-0.017643148578435672,-0.04814852033615797,0.1310176006755947,3M,ConsumerGoods,Q4-2024
-0.4493392869055244,-0.16944630128453567,-0.07362418352802534,0.0863936694574773,-0.006197887372924129,-0.0058305447924096206,-0.004432343788998739,0.166843150816916,0.18194006364275017,-0.17745858210409554,-0.09900742011993437,0.22403487456640872,-0.3242221733964588,0.27060762603160987,2.494230296421611e-05,0.02468500413724175,0.1653775251742424,0.002760361423204765,0.05767697878037804,-0.008418288926132325,0.08882451080680254,-0.27900663970348266,0.03833182321541792,0.03469631714201162,0.05513949379294628,0.02306563747667733,0.011647768044942806,-0.019961787499914015,0.1241205741264484,-0.32796302936416044,3M,ConsumerGoods,Q2-2024
-0.32078223934030936,-0.2777420405504985,-0.18406974702965617,-0.027231081812937527,-0.1589558530673083,-0.2657707811067247,-0.5469903251172008,-0.014745731692348305,0.07776541204034393,-0.05250757252124154,-0.11386692912938855,-0.15228435557489844,0.07763910791874273,-0.045896503420299876,0.4045985715749485,0.2939820071688786,-0.009629543991475522,-0.005479247898624564,-0.0241140883176207,0.009656890306111226,-0.009046416712191942,0.008457794172149757,0.017608991002282186,-0.002789003210586346,0.005367430542507661,-0.041157278979081,0.09422905355667681,0.038714672610114735,-0.019235004906028606,-0.011433855841811925,CushmanWakefield,RealEstate,Q2-2024
-0.3211327389235769,-0.28707876424829765,-0.16602301154415264,-0.012522346067836358,-0.12349969181086393,-0.24638759131676377,-0.5236451936669075,-0.005456947632912917,0.0750073787557767,-0.04691630982776957,-0.1189437867716519,-0.1416761987754917,0.0691967258052906,-0.028595571990038406,0.3979024274876901,0.2825482476404651,-0.025383731016788185,-0.008965227701135614,-0.0018564228032205293,-0.001828589353755481,-0.0025962529567924277,0.017831744165226118,-0.006519796572927954,0.004544724021866528,-0.0040217787515994,0.02989770051044241,-0.04152168045326842,-0.03892061377293861,0.0311263472976711,0.02464086863344987,CushmanWakefield,RealEstate,Q4-2023
-0.4038418701656677,-0.24744641969754952,-0.15554091440145099,0.03154028888465102,-0.10682906920581531,-0.10304119985494231,-0.2827346785093106,0.02105476298045408,0.04851079197420503,-0.03641234804670241,-0.053501473291717325,-0.047947847614814104,-0.014865987548995154,-0.03620823394173472,0.2537981747272462,0.17357097915474237,0.0017650666624198718,-0.048293024137368704,-0.018614809930061548,-0.0004878902698483487,0.04087601180100076,-0.04002508067910085,-0.020047397685683716,-0.05271755584434324,-0.03190617910139672,0.2495904328189118,-0.629606490261307,-0.1573025053220764,0.1481150972978778,-0.00037525655492408626,CushmanWakefield,RealEstate,Q3-2023
-0.2899658529958221,-0.26714160086125466,-0.17076657591062744,-0.03380252191138378,-0.15648760780585982,-0.26568759630626876,-0.538390009521669,-0.004374346766755169,0.0827613539887034,-0.056079591656985874,-0.12031116459405997,-0.15769291207608768,0.09178972470018763,-0.05839120498956556,0.4355258730922186,0.30405294874562017,-0.011168293286421417,-0.0072925612146672834,-0.0012919851506624591,0.0014076720013925764,-0.006165801916162157,0.013313594044810436,0.0017136980358307815,0.0012578923691732864,-0.005586090327541639,-0.019179948709691898,0.03597437597509468,-0.0018133036436669134,-0.010161305613628253,0.005865719506853491,CushmanWakefield,RealEstate,Q1-2024
-0.31982575740093194,-0.2827479694011552,-0.18148877592606313,-0.03444083227652286,-0.15398873699070656,-0.2513478941304981,-0.535347627974275,-0.016549118026723413,0.09010541412779266,-0.06235369919410226,-0.11133918074445703,-0.1526827092222206,0.06945177086256045,-0.054841042982385006,0.4147925920043967,0.3062443439546494,-0.00867099624547852,-0.0017175733896460574,0.014552946046614263,0.008518101657528468,0.007747264159091706,-0.0015582569045161398,-0.012912352492050182,0.001060487611129953,0.004233246071661577,-0.00734790729851489,0.02783935492151029,0.0012619115660333568,-0.02347500594082942,0.008600780506733637,CushmanWakefield,RealEstate,Q3-2024
-0.3024098051276088,-0.2801405409180843,-0.17942824457676568,-0.006786734732670078,-0.14876860278919912,-0.2603440703657622,-0.5484879505440358,-0.015554266815505514,0.07785772938211898,-0.061882648024257574,-0.11508178510704331,-0.14098264474453748,0.07430391191212458,-0.049176612742121796,0.3868471120689311,0.2772709046151657,-0.0010251862715922693,-0.00394388264196681,-0.024394048284891008,0.005396665465285657,-0.016120898796082587,-0.005512779456318241,0.030005388871296123,0.004046706398124434,0.012122850994359025,-0.05515329234513336,0.11337830569926155,0.04005382040769213,-0.0350645534132565,-0.024620389239931238,CushmanWakefield,RealEstate,Q1-2025
-0.29520134598833736,-0.27354767191624374,-0.17033024846011163,-0.020647954157747152,-0.13437577607426274,-0.25827637932119357,-0.5394609751602952,-0.017182202469310202,0.08483630157931743,-0.06323977328329636,-0.1250127344350709,-0.15888095658747595,0.08068366527221331,-0.029514212086524445,0.39756749097166405,0.3051521390739465,-0.018847704144318706,0.014062244421944833,-0.007251742540866055,0.008761220645408178,-0.011460867780062072,0.015231696085994822,0.010287144986051546,0.0053379584047079775,0.006686253154330857,-0.06202336971533015,0.14324071092426377,0.04412111345845475,-0.03357664781973513,-0.005874363836974375,CushmanWakefield,RealEstate,Q4-2024
-0.24370410501790668,-0.047681639997572016,0.6188841923773828,0.2261764393586577,-0.27490235704666655,0.0635538492220784,-0.024748530434253093,-0.2506364081019799,0.33511651277045706,0.11940316317858228,-0.016102992401670915,-0.11546801788756715,0.08185720038052119,0.07101573988876862,-0.017726510322344992,-0.020525309435761523,0.08698822572744772,-0.008368331636326953,0.006158711563570621,-0.000978373804491829,0.03864273512572965,-0.009113945759616751,-0.006315630773976483,0.396686616760538,-0.06019709227723242,0.00568356542640675,-0.03323291545728513,0.01905345796193288,-0.03907072438203874,0.005746995030815345,TSMC,Semiconductors,Q4-2024
-0.2302933706924717,-0.06878414554210623,0.6278445641108085,0.22458078183490127,-0.2861599248336373,0.07256244748026236,-0.023248809684552334,-0.25714547627796785,0.35246091078665626,0.12395079231803015,-0.013804955693960421,-0.12190560868398495,0.07597742889048267,0.061067530474098644,-0.015942317595561865,-0.024449781100359978,0.09348709354235177,-0.0058968272836891255,0.008371712015570892,-0.0055108846923591385,0.019338281423228618,-0.02233714259451829,-0.008235929938364014,0.3687940645996446,-0.06066765726833475,0.013387404552926021,-0.03637236082333915,0.01805129022240252,-0.03652433566000133,0.005126510762415557,TSMC,Semiconductors,Q3-2024
-0.24097719033333767,-0.0831255864845797,0.6786717194629406,0.23343887498691399,-0.29011370383295704,0.08849346442824874,-0.016525221157697893,-0.22001892262700196,0.36048777431683326,0.13726557095719097,-0.024792588847102934,-0.16482486595726523,0.07105439552743269,0.10223623208766543,-0.024146958138447094,-0.04548770432488425,0.14325151296617075,-0.010498206306475983,-0.01485924197785477,-0.003615710177283305,-0.01693644292335539,0.005595155012677815,0.0052882342464352135,-0.20765509622773212,0.03342278554059237,-0.014857103158326631,0.013141038708117819,-0.007533078065205905,0.00020539434918236577,0.0031666063791132575,TSMC,Semiconductors,Q3-2023
-0.2311243272893158,-0.06998574505999672,0.6581930135761428,0.2366589634025463,-0.2909328510592964,0.08776787741410645,-0.011020017343631488,-0.24013506153896705,0.38778848367362484,0.14042823132194487,-0.016489369027903874,-0.17016178478019434,0.07898983885776079,0.09754615638099211,-0.023148746614386154,-0.040193643437677354,0.1427481170307362,-0.00972568586865145,-0.016217201473229532,0.0005191590552772389,-0.006433829215787545,0.0054851964458202005,0.005982462268599182,-0.19735753497878444,0.04072036034418824,0.00040778573383341013,0.01517398355956707,-0.006805971204098384,0.016794731589831326,-0.0019203744732750403,TSMC,Semiconductors,Q4-2023
-0.20001864853995763,-0.10311946238778388,0.6581156752799603,0.2364370088386729,-0.2902998088011849,0.08682811015764366,-0.021393132347502983,-0.2303448471652204,0.37358688028364895,0.15273941270060548,-0.03130975090569041,-0.1662292564911136,0.0766010321147972,0.1141477871166997,-0.0227690775964439,-0.045867682996779284,0.16960316872761394,-0.008533241621302212,-0.012858998520434848,-0.00047304145488936457,-0.01774253100957071,0.0022881232101176147,0.0033736249512252995,-0.2304419689787987,0.03155166625379172,0.0002347678014717639,0.011817054824143703,-0.012444158481862366,0.01278994267621579,-0.003555917010365079,TSMC,Semiconductors,Q1-2023
-0.22730884286588107,-0.07483994290022145,0.6662156512928812,0.23941313061368436,-0.2912817687391868,0.08481499229294778,-0.01582961143376369,-0.23723903217204376,0.37242064901138666,0.1499043265462519,-0.025599930594279223,-0.1678434395755803,0.07435817977470796,0.10357972911948773,-0.02137068473836532,-0.044386692666058845,0.15926435041721562,-0.011045501694308017,-0.011506301892965674,-0.0007118850580468576,-0.005039240066226393,0.006752265022741093,0.0038657306263396598,-0.20826136497942854,0.02879035578634014,0.0011390030156837195,0.015968087936823295,-0.014085137643991809,0.016909307174719803,0.0008262192544443372,TSMC,Semiconductors,Q2-2023
-0.2469246367419621,-0.06501621253457035,0.6286272046142877,0.22627294894990216,-0.2805266071392991,0.06318790685061787,-0.013840580735390032,-0.24083991321436124,0.3442527233180227,0.12081089469485046,-0.013615090984192236,-0.12020406766517114,0.08247884641103179,0.06320647729624808,-0.021247743219423652,-0.016939446316104334,0.08116350225426101,-0.010650746653752803,0.008602741462775912,0.0024755484118243317,0.01965206728099748,-0.020103311719555816,-0.005130103583259088,0.37268655354211905,-0.07599055979514617,0.011534285684737102,-0.02896139827505421,0.020626703797526597,-0.0209752173116977,0.007844367108456077,TSMC,Semiconductors,Q2-2024
-0.23900978635242917,-0.06241523482566918,0.6659045963553345,0.2444263381131768,-0.28886737129732637,0.07946668373171754,-0.017695500034281077,-0.2386627884763211,0.37783820341082475,0.14356635714182744,-0.02089087903001732,-0.16288937240255086,0.0717894648661476,0.08648790927336762,-0.02444164081508019,-0.040156525397973285,0.14787106266048877,-0.015043429869786042,-0.013566721987787316,-0.004758422730570015,-0.0015741646744034262,0.012792313596069006,0.00314185271219856,-0.19687860181475103,0.03446235749363425,0.003122175875518528,0.02064732054184737,-0.015232669035238363,0.022890778477466782,-0.006983235497881693,TSMC,Semiconductors,Q1-2024
-0.5020377105878595,-0.2801985070202744,-0.30920504160130063,0.24467857094223214,-0.16721904832625048,0.18014560439562186,0.25243381943379545,-0.11282357442622575,-0.0544122941170533,-0.1149772022759997,-0.26901761142263814,0.05618602957913627,0.18043497864445243,-0.019420547876124086,0.00033370941768654286,-0.04351146197696026,-0.007081688138641416,0.02536896990214861,-0.34113129287836974,0.05022256189180819,-0.002715233643097379,0.0018162958827099254,0.06658976213799052,-0.0005914447030522233,0.006491723850811189,0.007120502788944796,0.012961298468270996,0.002804925351034563,-0.042169474978345174,0.012756419242117947,Citigroup,Finance,Q3-2024
-0.5177703159905113,-0.2769953486565773,-0.288088156779556,0.211610909632156,-0.1669693951781849,0.15776925209259438,0.2212799703657472,-0.08963404366152293,-0.04622154802944139,-0.10983323145870685,-0.2631473560889786,0.061766398508098105,0.19204368320783707,-0.0067584853984397055,0.004853951680467278,-0.04848580985526932,0.0029041988157078352,0.004179993167666163,-0.27764083667229433,0.06001130449575036,-0.02380726615402221,-0.014917380753395292,0.04094518673933596,-0.00034639829489372737,-0.005516044242209681,-0.019855030584208507,-0.026927441908716893,0.05279605282624244,0.035889383718331974,0.00032401273425801186,Citigroup,Finance,Q3-2023
-0.5112776639405185,-0.27117488711844,-0.31098668587454387,0.2370650765997688,-0.1581461509934264,0.16634766359810743,0.22864419941164305,-0.10525604831215533,-0.05436276238690497,-0.10875391731814357,-0.2532344816075876,0.06052827209737249,0.19533089989106342,-0.025363381420647115,0.005316695171697405,-0.055622660261349044,0.0074629214201306455,0.019803095646766283,-0.2708376984821172,0.03593209415606922,-0.024047515896900715,0.0025824875415111914,0.02973789450548219,0.009720206529890304,0.020104414133700874,-0.020571318361527292,-0.03064865957818806,-0.01788690119584714,0.04150175455039192,-0.03077760176951565,Citigroup,Finance,Q1-2025
-0.4987675165606304,-0.2758986951825994,-0.31792978960153356,0.24426069713143927,-0.16560680496982377,0.178894803944574,0.2496796321533248,-0.11619357668162454,-0.060518287340334584,-0.11350486258018135,-0.28584458167388893,0.060847488253503716,0.20449088591599524,-0.01596602103497251,0.006092759103802314,-0.05665602332224367,-0.0019548475076407276,0.023226096460752514,-0.3223462877172456,0.04295115850018758,-0.02992684542007621,0.005928157837863545,0.05048966029128326,0.002802365026135723,-0.003409901745033356,0.00313332430659008,-0.0007080716931050611,-0.002299354612352277,0.022099738875094855,-0.016669445143734418,Citigroup,Finance,Q1-2024
-0.5103122315327584,-0.2669945455641172,-0.2740835307595075,0.22818977804811252,-0.14744082866517313,0.17312600056744723,0.23431716632975638,-0.09684972216988326,-0.04342215290819848,-0.13332872033117008,-0.25718667741644224,0.054002788052618045,0.16545409150507592,-0.027221907437614778,0.005633681649953614,-0.055786317342485105,-0.006108538190242333,0.03920150842118841,-0.34939796781308086,0.057442555545598586,0.0018396069361288857,0.009958172749450758,0.07343137298052456,0.0015787470617606107,-0.0017203489960835262,0.020076834335806718,-0.004145967372060785,0.000802237840041187,-0.02648685252208861,-0.012780779438359122,Citigroup,Finance,Q2-2024
-0.4742309087181275,-0.24664870547957576,-0.27385168198200777,0.22928943738982385,-0.14043439414417844,0.17266911416608605,0.229706922795813,-0.10218786139990706,-0.04544844677985844,-0.14661461409811563,-0.2797517800755348,0.05171484311200281,0.17964782453927566,-0.028646454868788133,-0.009865171967730277,-0.05051960951195591,-0.014613920577577471,0.029724478546389214,-0.375772351655577,0.06123667253973048,0.005539053780774713,0.012665731074154985,0.10114683335921074,0.009887000848582142,0.012854976910446361,0.007034630494897971,0.035462068991303455,-0.006953657661932847,-0.03797181421155751,0.02755559759918102,Citigroup,Finance,Q4-2024
-0.47546104655472876,-0.2484569738141773,-0.2796681141690465,0.2280824685040903,-0.1415528321162446,0.16245755653205093,0.22764846949206527,-0.08498986474024413,-0.03788357383931672,-0.14792272194258074,-0.29647097967896135,0.0713381022373825,0.19095825052821347,5.446542207126344e-05,-0.004370313932484978,-0.05866969454554733,0.002143379758501748,0.003664659240323858,-0.37319990801674136,0.06770694871835209,-0.02288211494109459,0.0001747604282907647,0.09915678605450445,0.007787169851069119,-0.008554877517007141,-0.012777505031457378,0.02119095935447102,0.00111156584108489,-0.006969249975385271,-0.00029541629401786366,Citigroup,Finance,Q4-2023
-0.6006171928118316,0.38558737435071716,-0.003836833975142071,-0.18973868148133144,0.1077365068825398,0.19900909739553982,-0.11268669374206394,-0.2221708494919116,-0.05444996852115098,-0.04258873703946041,-0.05516842196160463,-0.0616076586060929,-0.09643576350603202,0.026490662209231134,0.08841934791835694,-0.11677556282462796,-0.04374283992876554,0.013157881903306487,-0.06536754149953922,-0.34857485934140703,0.021720468782938283,0.023190311532242172,-0.005513151329241099,0.004206973998070919,0.030245251160772608,0.012341926654925063,0.031179289537639796,0.014656327121173665,0.04546103363951294,0.18360692668355844,Google,Tech,Q4-2023
-0.6280701973626631,0.3803206779215476,0.002105966919534649,-0.16275299740723942,0.11706314185119664,0.1685399226574049,-0.09731430499583109,-0.2009222920343412,-0.06264371498059707,-0.06965429381373525,-0.053937577205213055,-0.07982710815546228,-0.06613552293916192,0.025995438396963583,0.07364369422651086,-0.09556088578762983,-0.02346551597313013,0.037478999214833185,-0.058861970935571224,-0.34176477885364553,0.02462819200775891,0.01999556540727922,-0.015712580182732895,0.01198270919515255,0.05869593984962857,0.024818922645826393,0.018663227375997214,0.0013772155856853045,0.03960486696928138,0.19061839935573016,Google,Tech,Q3-2023
-0.6046163369752536,0.38229440858122066,-0.002750361913493801,-0.15007629462824326,0.09483276583378936,0.1352428403917355,-0.0762069908780574,-0.19935070748507447,-0.07113872922121957,-0.08358636973343642,-0.027513323867195245,-0.10045388969694613,-0.0726652811249909,0.02666962666985302,0.07371548615613076,-0.0884968437091787,-0.02463147754550529,0.041006052500192576,-0.07222543730598432,-0.4627327707203843,0.026106133871188212,-0.007991531176986635,-0.01597269577804394,0.004752822755407868,-0.010896492189203764,-0.0005658734262002315,0.0026512131201552112,-0.018320761811239313,-0.0014769550640855885,0.0297392717639401,Google,Tech,Q2-2024
-0.5911994097316082,0.3601902906981445,-0.0033909905206577777,-0.141765763794429,0.09494862874530224,0.14535731055322232,-0.06950669181281097,-0.19984625517373683,-0.06095044517985112,-0.0984574742117653,-0.026072428601557236,-0.10149497383829192,-0.07561750242622825,0.015618640212295113,0.04934402157209755,-0.07697123346092448,-0.026318651721193978,0.005261784535527893,-0.07722292283874994,-0.4282286715266198,0.03423509042824262,-0.036113173214409204,0.0019861870277212185,-0.006006901891732215,-0.0978919647335741,-0.02220548796879161,0.01382025795523071,-0.01613558116301968,-0.02648685343670516,-0.2019847664770952,Google,Tech,Q1-2025
-0.6553575014969125,0.3276241601420111,-0.015507837376907212,-0.16579276524304204,0.0732745545140357,0.16257570891826598,-0.06342838438662822,-0.17145075766368062,-0.05269815067847127,-0.08608722725673529,0.007380832629431209,-0.06936026981384229,-0.08286988933107536,0.028435152658451316,0.07872801560479631,-0.09025724883012957,-0.003978313594937448,0.007707930840273922,-0.07999050177970324,-0.4083767676156276,0.02082780906157611,-0.028109897741681277,0.006658557092210319,-0.0221494910912891,-0.12268649931038823,0.018023121357618244,-0.00012787368978204122,-0.021285422634745126,-0.056229974224846525,-0.15458564419540383,Google,Tech,Q3-2024
-0.6575589932252536,0.37298913442899334,-0.002599994425800265,-0.13661122575204862,0.10371692101809238,0.12783302328677706,-0.07403143640417607,-0.17838502998777112,-0.07906568129839026,-0.0747196094964298,-0.021774579851133572,-0.09779721114830942,-0.05902893747131947,0.02500350338396276,0.03625145956090963,-0.051447578372458676,0.010745388828528431,0.044000990114697054,-0.08752460732128824,-0.38086004119092237,0.011530416274084543,-0.020341806315577988,0.010564933392178214,-0.017024131800971083,-0.059856093842955455,-0.011313929952181244,-0.007936603406706658,0.006778698578942308,-0.03623405851488681,-0.13157774319586707,Google,Tech,Q4-2024
-0.6190981038468294,0.36272972726346053,-0.00928622768081125,-0.16194056808184365,0.10707025756831745,0.17510761284694953,-0.09410558636425286,-0.19933040552960618,-0.05418208346399942,-0.07467158328555638,-0.0594158478397568,-0.07244502873353384,-0.08360210286806093,0.019122989316933948,0.059166886044349304,-0.08124014708075054,-0.025801600827452077,0.028997219384334236,-0.05960272552983991,-0.40899315009252235,0.013998661297690696,-0.004079409331245255,-0.016010422618507,-0.009565535017218955,-0.018479028580850692,-0.02029905025361757,0.002519876173870038,-0.02533968816087819,0.03901262804437361,0.12001725409371469,Google,Tech,Q1-2024
-0.6149571846123185,0.3329603299033773,-1.3991308321695329e-05,0.008518125404574882,0.08844605059475011,-0.00915944749758609,-0.04680305971493665,-0.10144882911419716,-0.04885732324418901,-0.24611728096316549,-0.07759819116531656,-0.2028041611018281,-0.01080956156714399,-0.08593343846602239,-0.375742597332484,0.3459640366597428,0.07431013278965076,-0.05631447153597962,0.04687091922900793,0.04781185515762243,-0.002666947048994999,0.01038409508715884,-0.012939671867792858,0.0029761579270679963,0.0036214820308729475,0.006468421908554516,-0.0030178976853647743,0.00819969719885971,-0.0115841135099012,-0.00565699305954631,Microsoft,Tech,Q3-2024
-0.5991948869672233,0.3463696674780687,-0.0015962134327227636,0.0006373368712500289,0.0982798976009787,-0.003120202481814969,-0.03336398611387677,-0.1079650565022871,-0.06620775472073472,-0.21956114021128226,-0.07172593595523152,-0.18366927954935636,0.006436348031603776,-0.053751855979091406,-0.3460057218235588,0.34188839590219905,0.08541411513607572,-0.05710275097203729,0.04347783881341875,0.06976868970253018,-0.036437629524370824,-0.010761285928657417,-0.00022730887332886928,0.003048915131906673,-0.005534973408360383,-0.0072550465820414994,-0.003432239317447951,-0.010631981191778904,-0.024742614296701673,-0.04315158177683916,Microsoft,Tech,Q1-2025
-0.5177400859145541,0.3036775586854118,-0.0011075343710691666,0.010770787362000609,0.08572085977835524,-0.009952115393806511,-0.03564241539059812,-0.07943324371368297,-0.048341410124747616,-0.26228413811255674,-0.06970927219843374,-0.20106507729569392,0.026773970164224628,-0.06640234135021737,-0.4207784216097121,0.41672629598405464,0.08656143263330443,-0.07983485199561666,0.04530992445261472,0.08956796770310023,-0.03506252850961596,0.005206560199350814,0.012091945776376888,-0.010040397329997822,-0.01329980497699079,-0.00979899264439207,-0.018790353378645937,0.007268657068518351,0.0066065500623959635,0.031735139969304306,Microsoft,Tech,Q3-2023
-0.5831369045676555,0.31067220488623176,0.00037317504318016073,0.021675885561452682,0.1047938533027957,-0.004059809721071735,-0.043213928584523165,-0.09501665544345768,-0.054048672279375806,-0.2355057491875231,-0.0713239943967289,-0.2010459709031806,0.019613760042400674,-0.08436529578279618,-0.40394147814175935,0.3916407422222965,0.08465765592723275,-0.07352339038828942,0.04471655677299573,0.06941543918373556,-0.022958143255084704,-0.003950911554044564,-0.0017815947502035157,-0.005248544431936456,-0.013827259740551295,-0.003446837167125453,0.0008426545484288387,0.0077759442147286,-0.009098322368830493,0.011113217854590532,Microsoft,Tech,Q4-2024
-0.586418628879117,0.33987354885163784,-0.008136233862986677,0.008104435368151655,0.07772255421049568,-0.01261782579871931,-0.03731156551864174,-0.09406528391337046,-0.05296624686477411,-0.24907614068183834,-0.06679006418398901,-0.19877577845821062,0.012571790055236292,-0.07277847215759448,-0.39047186433851916,0.38211716107092286,0.08984112964066988,-0.05701634220778293,0.04863188101831168,0.06217638864830062,-0.009334848286252778,-0.008430520774624186,-0.003520437012796082,-0.0037664177718191886,0.01890528786921256,0.01501475322063245,-0.013300164132711057,0.002709111286425479,0.007346625504887844,0.026894758681779082,Microsoft,Tech,Q4-2023
-0.5604548248947224,0.3171948518866072,-0.015015240489441055,0.02567854076138685,0.08824965180841228,-0.00996794946398335,-0.04043146293560358,-0.09904461569433957,-0.056244221649038924,-0.26008273117974234,-0.08718797684389312,-0.20853055312928054,0.022851564896553062,-0.07962025119573239,-0.4277467714833857,0.40625721561168976,0.09209904337050846,-0.07801564958831443,0.03577743137249716,0.09047910202660568,-0.015516024135524536,0.009269310034958756,0.0051460582998327595,-0.002199980394925656,-0.006966064663915707,-0.0018135297023661563,0.012521478403502347,0.0018886593804913676,0.014995830448551578,0.006587945640592704,Microsoft,Tech,Q1-2024
-0.5451169795759699,0.3150732553832725,-0.016005026879582607,0.022908960004169702,0.09929609051208357,-0.014371148024453934,-0.03985661896045139,-0.10619349923042104,-0.056538241394976485,-0.2603472459562396,-0.07742654689458779,-0.20723533899224467,0.02213866099026369,-0.0750625160346579,-0.41806788334076017,0.39774218992517,0.09897830974537433,-0.0854425808736364,0.057174924752337555,0.1199495666116253,-0.022867631634005143,-0.0011905445680558898,-0.00189421184517656,-0.0030844698105876502,-0.006657063700619482,0.010815587850720211,0.0009817831291942117,-0.0026728509308054198,-0.004199842418864073,-0.015365537558836736,Microsoft,Tech,Q2-2024
-0.5916122788874304,0.30629683408820724,-0.03493801650473754,-0.2286588131329977,0.08036841539207054,0.25725725168439373,-0.11402725441398147,-0.26078152287447287,-0.017977685456130193,-0.06757860853411092,-0.05642985053728898,-0.04074676045009741,-0.18371743355312709,-0.037567672433399556,0.1890225266062107,-0.2636413909793304,-0.0021088711775185446,-0.16506514908022388,0.05030761933883423,0.25223886038611615,-0.016751223499894195,-0.003854656624311846,-0.0006533368483335747,0.004584621827913636,-0.0071485052196596675,-0.0030539004976622916,-0.007180279024452939,-0.0013352373109590926,-0.0054521645027507054,-0.0183747562754083,Meta,Tech,Q3-2024
-0.6349940433760833,0.3312782004661377,-0.02939940311940345,-0.2052304470962749,0.06918329004118527,0.20737651858416847,-0.08622431465414761,-0.2288603340969191,-0.03323030465905416,-0.05512949713536732,-0.03485158598065023,-0.04542065648896715,-0.1678929117773668,-0.05387673077581946,0.175530293215734,-0.23854883945327807,0.010625177299881345,-0.15478906493652875,0.0572825848964963,0.21989151764312215,0.00032915920938007766,-0.011492383432597147,-0.002182997963859093,0.005702105355659975,0.03287470610758187,-0.005791186464454609,-0.02912876994076354,0.001873308278264899,-0.012872111119129373,-0.042740471710835566,Meta,Tech,Q4-2024
-0.5443563983612104,0.2860984365734113,-0.025467780239932736,-0.23623586132693392,0.08911707612719821,0.26406505547532305,-0.12703485408470255,-0.24571365655050736,-0.015440381806150793,-0.053238275145319834,-0.060416757379979306,-0.03288244344201774,-0.19481334013450918,-0.036084158910662315,0.1951580502950723,-0.28270117159503705,-0.019844579160027444,-0.17702950797510789,0.044529739601587306,0.3041325656739,-0.01800447713428765,0.025595983185796787,0.013390947169011045,-0.012079656307561859,-0.03754067124045486,-0.002570234503449935,0.023465829700195534,-0.0032955959240799477,0.012515776663072698,0.025249627493348383,Meta,Tech,Q4-2023
-0.5462640245447068,0.29845500142270137,-0.03129089316687397,-0.20517939541727429,0.09163927311587425,0.2491470530006495,-0.10298264415953619,-0.2557466719184461,-0.016333479185746964,-0.05609777297368878,-0.06096850681199137,-0.037286415527497535,-0.18399923569867346,-0.06326550893056129,0.1972289522874786,-0.281976541550079,-0.01051450714202092,-0.1874345139920026,0.04374696187150032,0.3024300728762146,-0.02460908211617697,0.013490369284420663,0.015265472694463893,-0.0024296782586462266,-0.026150628175200034,-0.0025539126827152842,0.015995710863658235,-0.010492375229759196,0.012773923037619388,0.02028666737005421,Meta,Tech,Q3-2023
-0.5572012164259909,0.3432485079378956,-0.008845528501964286,-0.22063149831146792,0.1032949662134441,0.24716865614793923,-0.1206417102469121,-0.2600865596174894,-0.030289402091788903,-0.05581242388681214,-0.06990311446516131,-0.05916177020825505,-0.18127291613635563,-0.04795780008919669,0.18215609672787644,-0.26526416107512596,-0.00952112997669004,-0.1559919229504497,0.051232737863073106,0.27827628543394967,-0.018837190520887264,0.025460156749017034,0.0017172954218927544,0.006334661619796153,-0.006856763100088335,9.153781482515146e-05,0.02041805329108923,-0.009554504290401097,-0.0029500004249762837,-0.028945738629529663,Meta,Tech,Q1-2025
-0.5570021894577409,0.33797186154176634,-0.024640315364026655,-0.23418027125673427,0.08625224927432142,0.2597567970367081,-0.11490507715773389,-0.263524371751628,-0.009409668596385014,-0.0513978457879839,-0.05558242922753146,-0.03578375015182425,-0.19545127774149523,-0.05306203074291672,0.20129104325774744,-0.27506333926182075,-0.015256126707063979,-0.1647693457791042,0.054196182777672075,0.2765063778158719,-0.016184672813909357,0.016161779550639025,0.0023952657155948648,0.0002488726319493639,-0.005687713324015396,-0.004343498087660399,0.007411137882055308,-0.009924183952947085,-0.003720962740501582,-0.017490966890218833,Meta,Tech,Q1-2024
-0.6151398399191517,0.35286083063881624,-0.017190108898892137,-0.22259617833430975,0.084116161073663,0.2235274715860786,-0.10701578214092779,-0.24182100315528574,-0.03532773724513398,-0.048775913467010136,-0.03803534652046084,-0.0414163780532744,-0.17386259361790152,-0.041430943204961816,0.19017899437342836,-0.26661828539453697,-0.009597318734388106,-0.14255835494926675,0.047090365646719506,0.23014417545875668,-0.015711194061473,0.0023091967345175548,0.0019430258250441302,0.007893578493452803,0.022133067470533004,-0.006885029629342107,-0.005491830682508603,0.0020850195422798747,0.0012151949739867501,0.0035696497272794704,Meta,Tech,Q2-2024
-0.4812124525271756,-0.18908255637591656,-0.290861661694894,0.10154741736220323,-0.24130886911570398,0.12226323444082625,0.1763367605389506,-0.14739649648865563,-0.18070883832231327,0.36054250890081696,0.295660320490906,-0.1725354115146828,-0.2933209830420836,0.1571832914038821,0.0027520352689649244,0.18405237980842223,-0.07608950026046775,-0.0003476987188337459,0.00011082646515683582,0.006300477351231673,-0.007595269667051648,0.01854656839351272,0.01763263402642662,0.008169075194269444,0.0034104104852353888,0.0036759613047621805,0.007773213569905672,0.001613595914686361,-0.0003237544465798851,-0.003858442712076981,Blackstone,Finance,Q1-2024
-0.43615071670385847,-0.23104432824539894,-0.2909851415240439,0.11074949676464184,-0.261768583749889,0.11915070881622182,0.18638944351967068,-0.1267879540187583,-0.17005023948107179,0.3559024593089934,0.28573086950968085,-0.16684352121545712,-0.2992858739554962,0.1587424553022709,0.0005055423352897932,0.1810974397672192,-0.08720609167847392,-0.023271920182978096,0.023203125029190575,0.0036315655827970834,-0.014542492690334387,0.011622079760455786,0.002939771539557087,-0.0021843316921011484,0.00026884732154538093,-0.008585471358722164,-0.002345741898907497,-5.559798909197592e-06,-0.002591390053932549,0.004088628546167748,Blackstone,Finance,Q3-2023
-0.4406788439390011,-0.20519841973579803,-0.2884795391001883,0.1205937171023085,-0.23479353018961321,0.11659307399624406,0.1734650959089646,-0.13986248632790027,-0.1822662394147697,0.38434607792456055,0.29396090130351216,-0.16726000388700182,-0.29662686219992884,0.16849228568165658,-0.00010236202874917552,0.1865307574317412,-0.08626433352200302,0.0008426452826585728,-0.0015926950815782375,0.014788850869004888,-0.0035765759385356375,0.030579576974761834,0.01667121473990647,0.005343446839865111,0.00021275939633599817,0.007082937739956136,0.03299656233899878,0.0012209380682718166,0.009965329555540556,0.00455315651208402,Blackstone,Finance,Q3-2024
-0.4490940141433806,-0.19006193524223133,-0.28972867793843726,0.11024400271609869,-0.2473958851260176,0.10446463502306153,0.17650451021374877,-0.14100887308844984,-0.18505849850333056,0.38588240978598526,0.29949613030625205,-0.1697858545874745,-0.3051458570117466,0.174186605732876,-0.0019816393581307584,0.18883778140735938,-0.082292569721575,-0.00727577390979148,-0.0054882993670881276,0.017739469274467016,-0.013009662632091308,0.029378158849508694,0.03253431072820383,0.0054003759577768975,-0.005584820356855872,0.0008939597901721529,0.015223697305885034,0.005953561491089014,0.003069779523679998,-0.0027056758738565594,Blackstone,Finance,Q2-2024
-0.46943258084565465,-0.2055958064904582,-0.2964265301808013,0.1079296412287201,-0.24954406997171483,0.11495581209804649,0.18082490475103014,-0.13829876348527154,-0.177852978853951,0.37055673929936406,0.29073614919826174,-0.15994099289026525,-0.29184333106614185,0.17210653831720563,0.007221585780047635,0.18511475831834823,-0.08521072881439783,-0.008093214224864831,-0.0167496478106688,0.011229471750974385,-0.0057582065059065225,0.01740845562740285,0.035022647664483104,0.0068498227873952265,0.002464719430224782,-0.0077977484217407154,0.02180728885610945,0.007463961303250155,0.006631487236165565,-0.0031776923025612787,Blackstone,Finance,Q4-2024
-0.43290642994920364,-0.230527833551099,-0.29257663258795374,0.09854801028575462,-0.2587177267251152,0.1128189457732704,0.16835599608366472,-0.120294240320492,-0.15690008349975684,0.35076573482370865,0.29195830967293057,-0.16110683468179324,-0.2939013350824684,0.1531949820330943,0.002477052219342837,0.18513530390822572,-0.06921643525408877,-0.03377109332011673,0.019973351489483555,0.0019920699451570754,6.295664087359279e-05,0.011286656728988482,0.014768351035737095,-0.002003553021216493,0.00543533991315348,0.01256630506977463,-0.008266240721480522,-0.006029028609250859,0.003497852750938938,0.004909108026022162,Blackstone,Finance,Q4-2023
-0.43483822146333373,-0.24059814678960184,-0.2930489802564072,0.11038017467484584,-0.25230361527508877,0.13604231446220424,0.18903612356397023,-0.1481952676918789,-0.17010939897024902,0.3286634266196819,0.2515997809130422,-0.15726857787955112,-0.26803455586395414,0.14202941692207569,0.005004213956835573,0.17881816445239723,-0.0906750474338169,0.0006271098447589478,-0.002640579521379783,0.006354501137779662,-0.00635495425474541,0.017898103366942156,0.011873079984760164,-0.002070191126349524,0.0034938253496151874,-0.013688188398623184,0.0066609900998724604,0.01023858673095297,-0.012413054835418522,0.016894926941895486,Blackstone,Finance,Q1-2025
-0.41219571609928346,-0.26796791107768814,-0.1676485444703918,-0.010340944930591456,-0.21165190386217844,-0.2901198235644318,-0.4749061692878853,0.015157927098855543,-0.08925618689987108,0.11808486868323978,0.07151906656077059,0.002368929837982197,-0.024956576518917886,-0.048252945707541954,-0.3460398060395495,-0.3247848105520914,0.04289400948423718,0.01460961352935104,-0.04086398075437923,-0.0003029184083562578,-0.0014804051269919562,0.003609848236942085,0.020440186849888575,-0.0036989248258507386,-0.009197198335860567,0.010206122328917896,0.024262076506062154,0.010750284560847029,-0.01904672999799269,-0.0028842974096924445,CBRE,RealEstate,Q4-2024
-0.3656945159833639,-0.2711563083415033,-0.16666910569276078,-0.011193610514215671,-0.22945699436721076,-0.2934124266885052,-0.4775599135214882,0.0059608934810732725,-0.09621352754320044,0.11130571279000154,0.06435802916820821,0.0016271749352222452,-0.025187635715960832,-0.07084278606708631,-0.3554553014895733,-0.3532827051666073,0.041202691462143046,0.02838517626590264,-0.028691753507615013,-0.0024791443493836856,0.010375538775519924,0.0038357704972934053,0.0009165582006318365,0.0027167283013632758,-0.004482227348251714,0.008034666718733874,0.009883380357200476,0.010865000245948296,-0.011885575224910268,-2.0534086217004975e-05,CBRE,RealEstate,Q3-2024
-0.3966028585406782,-0.30750204107004164,-0.18406604853509906,-0.01292635760042416,-0.2334643583571941,-0.25060657222758403,-0.43091364931421283,-0.023002174122469875,-0.08194944515001774,0.0920530067504721,0.06710464566058032,-0.017214506650841437,-0.06576511132897181,-0.059380312691696684,-0.3296373411756202,-0.2899657711854247,0.012294282206132058,0.008694957892489016,-0.020808521883744897,-0.0073478619503723865,0.0034030383168600206,0.01561908886266351,-0.006828948141434527,-0.0014922482162512325,0.009059511741591631,-0.01841421969113902,-0.050776830280137526,-0.0113320461944759,0.013372755273190364,-0.0017042283229088781,CBRE,RealEstate,Q3-2023
-0.3754510369069219,-0.30146127593608996,-0.16754885912433157,-0.019854271005125285,-0.21169472082911836,-0.26351283081579396,-0.44665615791556923,-0.022405967311092876,-0.0907626744372202,0.09523370073920166,0.05143325858898523,-0.013128703677015586,-0.0391000798726946,-0.06451051892244161,-0.3870518573419701,-0.33124007845419234,0.011478198505681764,0.023084276504736823,-0.03120531060906903,-0.011971198761452995,0.0004728139848442361,0.009718844800793613,0.0018899382901424718,0.003898704893588477,0.015773031285823587,-0.0058553562680516555,-0.01798761518683186,-0.025308368991972068,0.015973611818963222,-0.008645775972936805,CBRE,RealEstate,Q4-2023
-0.3421403756160606,-0.2552626630707596,-0.15149965018935752,-0.00402926317785304,-0.2029365649112521,-0.27689586648246906,-0.4652457532368641,0.003604281461572765,-0.09142810600313717,0.09780182359474504,0.05421772900179045,0.00700627598029622,-0.0154034399239001,-0.047491681370794216,-0.41146457304532436,-0.36851442429267045,0.029104898223604316,0.030534642843351063,-0.03737630879802974,-0.01093785146556715,-0.002071841608460971,0.011399536293916162,0.011051321833151514,0.009192312234053427,0.000267457609699067,0.008422948443486594,0.029392448327009497,0.010362611481445214,0.019204459623868127,-0.004533087962008621,CBRE,RealEstate,Q2-2024
-0.31958353959508246,-0.27932061998026286,-0.1377795554236934,-0.020472452388128583,-0.1871220425990016,-0.26968916522471015,-0.4833911456852861,0.0003381353873016543,-0.07927470699540792,0.059462038101096744,0.028666483199021334,-0.006049387040848332,-0.017598112098017468,-0.07454901691116726,-0.38976063341930395,-0.3533922292679724,0.014324998647986645,0.0254843925802908,-0.02874645630109187,-0.014733445287522589,-0.011534202635161299,0.01865773028878805,-0.00014284062607074669,0.002312506863040941,0.006812394677312162,-0.00484335677936633,-0.015774204374430882,-0.008566423783738472,0.020564650205318842,0.005274674477078493,CBRE,RealEstate,Q1-2024
-0.3554858726563115,-0.2799220361043053,-0.16252568315099175,-0.018554850892905594,-0.20887382752362135,-0.26212830777197205,-0.4594681276284285,-0.011254562260518998,-0.08726245323060593,0.07560246681791524,0.0558017028880845,-0.011550809383878232,-0.003615165459016908,-0.09291884209858949,-0.35296341674340853,-0.3399589894397083,0.03476335442398166,0.025141118896418575,-0.0008338976758404056,-0.010180422178712244,-0.0076410352163831085,-0.008942043952595874,0.0015306224149428981,-0.0002837205616259911,-0.01323856798389521,-0.0008042791745547196,0.01314060300014751,0.008873792989225712,-0.037490893925832575,0.005448901545507886,CBRE,RealEstate,Q1-2025
-0.6082335394670288,0.3406474238208463,-0.00818292052512099,0.12242777941702224,-0.06987473638779526,-0.2601786630726787,0.0964529830787579,0.21276522297761896,-0.07338162236418672,0.19613682378701738,0.08276783913409316,0.17321055517197503,0.14775191383012506,-0.028941510618093445,0.07532929739483138,0.007671702708173845,0.18757956650075178,-0.26751537490600374,-0.028872115549687005,-0.05755106507849013,-0.027642704431724348,-0.005664841807423756,0.010255207145773692,0.0007749449188879457,0.01500094520064832,0.01773140748902115,0.002273042766420056,-0.01963319613327543,0.060145868548610086,0.012600229336888398,AMD,Semiconductors,Q1-2023
-0.5925500000246134,0.3346712864138796,0.015154323839149659,0.11365129592994833,-0.05418699877847873,-0.25733562953657063,0.0983774982295438,0.2277968762454563,-0.061341443025532544,0.19467635620260607,0.09151550800499747,0.18411285134584895,0.16090734922392014,-0.05526875317390708,0.08629370854272038,-0.005263556383698956,0.17487731215290211,-0.36432542290954023,-0.025754564271289252,-0.055421823149454236,0.0019810257771350715,0.033547217390948306,0.0033475275462993086,0.010607246140847631,0.027586619997301155,0.046390988097445046,0.041737940171228234,0.0007404745906314759,0.005620644437574072,-0.00683988958467432,AMD,Semiconductors,Q2-2024
-0.5929333956590032,0.3562605948409481,0.012137610446139816,0.12797673445798985,-0.049103527834059114,-0.27146480195074607,0.09809689182448174,0.22258257619471936,-0.09149271535184797,0.20099950730404054,0.0897540122105114,0.169307130310658,0.1766548971579976,-0.04020667947604295,0.05552670973234567,0.022868900800090557,0.18299359498442624,-0.3181627801636578,-0.024578214854201735,-0.047330210486678646,-0.023284606429194915,0.012545261672993127,0.01042845595192849,0.007204371542543087,0.003298729560111984,0.0105635668009701,0.04779755085827456,0.014619296572472427,0.004889718201647735,0.017625682298424518,AMD,Semiconductors,Q3-2024
-0.5777157702650099,0.33662233895560106,-0.002600124296791992,0.12440789456076436,-0.05148245711566696,-0.26445947578591195,0.09497377621196712,0.21081478674436652,-0.09628849911426328,0.2289776356088768,0.08632242826673622,0.1842127257077659,0.18720820200747695,-0.01905657355188567,0.08618323752344624,-0.006216910477305249,0.20090521362359962,-0.31310344498998377,-0.03711480994161798,-0.029517298611670326,-0.036266754456583145,-0.009614361250084207,0.018927567901014717,-0.0013000590631311786,0.013074337052599999,0.0033501379594475804,0.013748956035930756,-0.0015595265563173254,-0.024151194693198007,-0.04196021875692417,AMD,Semiconductors,Q4-2024
-0.588688278460174,0.3161160148570423,0.004785504921224642,0.11684797137000719,-0.06945788940254179,-0.2625145743373306,0.10558419679782086,0.23504076905823257,-0.061300748380345535,0.2053930520829507,0.10240996918571602,0.18925751138369204,0.17807222714921958,-0.04304470469552021,0.08189350793180232,0.00022847217463812657,0.16777721658461175,-0.34851842404357325,-0.0044283421206176106,-0.02774551015181445,-0.011780172508868205,0.0025566781715233335,-0.0006475073495622195,0.0008516815690705134,-0.03554726550780926,0.04786223659659983,-0.0024054365730196187,0.0025493747519846083,-0.0004234582395061027,-0.001932430853355286,AMD,Semiconductors,Q1-2024
-0.5931545872001458,0.31173639784688645,0.01567858917457608,0.11127851595520591,-0.06061733247685984,-0.22009736800903978,0.10196791317647591,0.20075801976543575,-0.030182898659212764,0.13829765742360103,0.05688638639986475,0.15782337897114912,0.12997227238477013,-0.05332131303298299,0.07643599252103776,-0.0014671882570517858,0.13357601283070555,-0.3543787944194942,-0.0011160825960568786,-0.0648250431054851,-0.026101805233558636,0.011817137175845791,-0.019597998455672172,0.030798518593350442,0.11764044857670071,-0.027056340439654977,0.01086832743392567,0.0063179661309088015,0.036858266739324234,0.037385075347221866,AMD,Semiconductors,Q2-2023
-0.6243542668593187,0.3195399805269673,-0.006399231069255069,0.11261482381261245,-0.08213172260158516,-0.25121505279058726,0.11415194375272032,0.22530946384196754,-0.051721803193059655,0.19018488532358774,0.09784859743091846,0.18222599695141334,0.15788647160376343,-0.05441780998151216,0.0791074622643717,0.0012397747827160828,0.16702682366310484,-0.34760062897179583,-0.004253681708383458,-0.024845442074345227,-0.0008513034769630841,-0.003659391864838071,-0.001296943939063466,-0.0043091053816845,-0.023326476158563234,-3.158331414897839e-05,-0.01488471214331186,-0.0035919281724141436,-0.010639334317672462,-0.0018235977968114067,AMD,Semiconductors,Q3-2023
-0.5961034926279182,0.30707612101985043,0.014226537048945945,0.11735010598484079,-0.07161470804739359,-0.2619010966962319,0.11596639996671294,0.2458000002410749,-0.05352428148442444,0.19563886672614983,0.10483912275940296,0.1943528168108406,0.1548977368613923,-0.05045304474556641,0.09109511446155771,-0.0064654759953298065,0.17455149632352165,-0.36902070266091413,0.0013161491844998743,-0.04128485398548133,-0.033403067563154754,0.006669197533564867,-0.007846338823678408,0.005337658181233003,0.008640762264338428,-0.0385818443685187,-0.010980841954004823,0.006176501258462873,-0.0369561402739939,0.0059557423314794975,AMD,Semiconductors,Q4-2023
-0.3579062533986369,-0.04548925138514013,-0.023300734906949623,-0.4354171601449753,0.05631849618458813,0.44720641407358075,-0.180731065078318,0.09699555297095731,0.22548220909939787,0.3684595119303704,-0.13248447822391365,0.32437734322906453,0.09276426156854085,-0.07830379635041927,-0.1171421627101475,0.1698599367570354,-0.055080222504366595,0.04764281108911573,-0.0011361171631873242,0.0007933826238611881,0.0009569214614347995,0.0190070580396324,0.0014716464080009688,0.00890690485682269,0.0011426770270003338,-0.003556923918174293,0.01071273510213781,0.0019733945031111433,0.006954774650928542,0.014986466789750609,Netflix,Tech,Q2-2024
-0.36754787651636295,-0.059929226160891726,-0.018339940337197082,-0.41726802623269055,0.05915349264524693,0.42918988847972406,-0.1791271136059509,0.1102249790550787,0.21734929245069462,0.362870344824828,-0.13673542097924243,0.29755459869818185,0.10727761175839798,-0.07533591869120537,-0.11990566515925909,0.16283485844283183,-0.06106691852774985,0.05762048490023265,-0.0006760625040111791,0.003140833650974109,0.0025642193840192274,0.021111444456611422,-0.00634801815965964,0.017900197171741964,0.009551677658962707,-0.005594116248759744,0.007350612579040915,0.0010414672424736426,0.01671039449174392,0.0023441475989058884,Netflix,Tech,Q1-2025
-0.3607660859161029,-0.06798545092767956,-0.03394976030832274,-0.4176718578018244,0.04467318864993665,0.4315664740731318,-0.16477174520365384,0.11169176906429386,0.22362455915601115,0.3639881325360143,-0.13181774272036217,0.3135510153034547,0.09793808698109054,-0.06850404446089481,-0.11842658664616335,0.17123361018916702,-0.05534122172462105,0.048227359519558116,-0.007941025594092809,-0.001268890801334323,0.005163964111793831,-0.0027310081786773265,0.0050541236920943556,0.008191378647368925,0.022651998980304497,-0.003199837795136799,-0.006328001254344328,-0.014325147839933257,-0.00709417789054977,-0.009257267516024903,Netflix,Tech,Q3-2024
-0.31902315730143427,-0.07683569074222735,-0.03121800192605651,-0.41429762650226404,0.04335648742420451,0.42927250445723153,-0.17349439239266667,0.11551335783955485,0.2348906439929458,0.39161575210467936,-0.1329027201872925,0.3393797694600649,0.1094816550415476,-0.08872171968977129,-0.14137740722666262,0.20456112760840764,-0.05409015211417662,0.052189522230445345,-0.0022891059387779578,0.019618947871324018,-0.00467034637668505,0.011663198866174174,0.003611048042654534,0.019085614233294662,0.0041291351380975515,-0.019491708394828035,0.011259941422240276,-0.027682346863423395,-0.009204905320834598,-0.017665433756526686,Netflix,Tech,Q4-2023
-0.3158836974558762,-0.075136490646061,-0.021089272115749964,-0.407485828804534,0.05654156833756667,0.42254903116746073,-0.17395731416223506,0.12351923215577337,0.21931939228476066,0.3696140718633878,-0.13707918513410033,0.3064691133200188,0.1146085931331248,-0.07011847720608075,-0.14563987399374118,0.2000570290564709,-0.05402298327854645,0.06322358365599735,-0.011215673299185545,0.00892605295200026,-0.007253156897387102,0.019735630903775482,0.009292671870034486,0.01909297364682864,0.008311668913072643,-0.008657517672368885,0.012652937821892122,-0.007570292627341452,-0.0038489921760784156,0.009571896615301443,Netflix,Tech,Q4-2024
-0.45770297324486053,-0.11981391817019375,0.014110742570679612,-0.38339993204332656,0.014608456175184463,0.39482155307401606,-0.10087179691447457,0.1572399672889308,0.14525379354650683,0.24223474512105198,-0.08624427566221395,0.16577280174168724,0.03994946119590223,-0.02975957373599288,-0.06013552310410366,0.07699756388156216,0.02745985158052119,0.008356180151674041,0.014869989056749779,-0.002079762247722549,-0.02422302620754494,-0.0294729884943317,-0.011044022967262722,-0.14004958233809425,-0.03567190038235582,0.027850814127687126,-0.03934342617646736,0.05029766262913443,-0.03850095943457377,-0.0076848070073767425,Netflix,Tech,Q3-2023
-0.32876472874033047,-0.09194396545582327,-0.021265016472497934,-0.40571045646621356,0.04165642917635871,0.416467836168326,-0.16523731455211121,0.12367202373882485,0.23148208317144187,0.3785115491975835,-0.12662131087364775,0.3339971159426705,0.11802382696710369,-0.08134486484501574,-0.1436859329379833,0.20580456950555434,-0.061688272280841415,0.06306623923492702,-0.001923206072303671,0.0018915145840472378,-0.0013195136760623446,0.011099695571302534,-0.0017191445090343014,0.020957236388206894,0.035682092718664994,-0.008412766229731682,0.0010559897098475703,-0.01306351905302175,0.009369989793642518,-0.029070980599039526,Netflix,Tech,Q1-2024
-0.5367141200132274,0.37521521809868325,0.03253831238414076,0.05372939350159313,0.03725171929177307,-0.1598773422245202,0.03457640021794795,0.10472439074784913,-0.10648515553128236,0.13897578030807511,0.06294412405484413,0.06423620978446194,0.0919064319498839,0.04776431130773808,0.10002350833010958,-0.020610629405543784,0.17322631202857597,0.3443807350978846,-0.013934553662104564,0.12265834078135669,-0.00138733846435649,-0.012478737777884706,0.00758580583087958,-0.04323505611469739,-0.3379987147496921,-0.11421937979387953,-0.03167229927790505,-0.014827797822749246,-0.03984536749700915,-0.03491034110423346,Nvidia,Semiconductors,Q1-2023
-0.5020506465580562,0.48607124461585843,0.04978432076657616,0.044383557842546016,0.06655702088551606,-0.16179057874918604,-0.0009488471806367192,0.027541911596539147,-0.17049950458862342,0.14052072081727035,0.04739616569986879,0.008048704208644722,0.10765496148927112,0.06620932580828566,0.0838818079783321,-0.00881270496835044,0.18569019874939363,0.4817757138092011,-0.01692163136285921,0.07306189002338229,-0.008881745963519821,-0.006448548053944496,0.000984163242209177,0.020716261396727133,0.16906364331405127,0.07844518559089966,-0.00472614657961624,0.016068924426865083,-0.0004310042803005429,-0.00398761470658666,Nvidia,Semiconductors,Q1-2024
-0.4549395091749681,0.29066803401953556,0.035827766549239796,0.08278558724906956,0.018670443276763468,-0.1763349209248317,0.03858112404664947,0.14544373478474631,-0.08536448274002462,0.14293147738523282,0.08046820737905808,0.11525677944094291,0.0903246250939134,0.039970133713373886,0.07592671261663149,0.008287231491499226,0.17964613349512235,0.36156258164800764,-0.0022979852123110457,0.1679702706770331,0.028178072206884612,-0.0029119576084032004,-0.0001283628491567221,-0.08234909305046259,-0.5122956318111841,-0.12686265064021882,-0.012743137559870618,-0.04963744632944735,-0.029539254581912557,0.0497686459660756,Nvidia,Semiconductors,Q2-2023
-0.5154456870394304,0.505175670860398,0.06395990494612605,0.027298292759903784,0.07508756751640154,-0.12942302099686634,-0.007125156418804807,0.0009114331415595053,-0.13156330410072442,0.09319316404761742,0.023149100093277426,-0.006939970159613628,0.05789741951344712,0.032681190494076445,0.10267001788305533,-0.048084390906099526,0.11078443579968705,0.41215374554324613,-0.012099547039709817,0.06684912917894148,0.01580623461706597,0.00677541224690675,0.002594621359460931,0.038118719367148904,0.18080888539220707,0.059121587754859296,0.034693294210768416,0.0021938462466482055,0.02347422182000415,-0.03096718590687273,Nvidia,Semiconductors,Q3-2024
-0.5229986839865766,0.43499569221908546,0.05183291126791204,0.023935278679967645,0.057351782112381136,-0.13187740568315268,0.007700194305276383,0.03103744925288971,-0.1301987744381717,0.11471046758803857,0.05867428809773605,0.005985746793333063,0.05471213139698854,0.021859542280497274,0.11323656921614361,-0.034333749982797854,0.16637986393121265,0.4636607886721369,-0.012505524657575469,0.1099129838580768,0.03955151448248472,0.008422642223854448,0.0054881225891163414,0.04663332133466814,0.21144853316423132,0.07320160523529819,0.01509693948425036,0.012210477162144706,0.047174808604558464,-0.0039907514179546326,Nvidia,Semiconductors,Q4-2024
-0.5552708249150156,0.4942902144436355,0.05049642469619787,0.027612479641141777,0.07466064759859951,-0.13138853904059536,-0.004086393385830329,0.000536066541684334,-0.15041062176398504,0.09085676818350369,0.0318715582418724,-0.02257887188533935,0.08195172980589091,0.03830542305040157,0.05882412453711622,0.015693182462516723,0.15267056405907004,0.4233333908392527,-0.007232519852390562,0.051189762114517735,-0.0018930650353025168,-0.0040333852039615495,-0.008011290821720495,0.01677379165958004,0.09723476886020312,-0.012535424322927258,-0.03419376681546298,-0.00015910457652561273,-0.008122030387063427,0.0005176603238519814,Nvidia,Semiconductors,Q4-2023
-0.5131483601374969,0.42562033843261915,0.041076773177923735,0.06363700580654563,0.049348690970687656,-0.17813870262928358,0.017812296774955005,0.08923381069616335,-0.14542337321155757,0.14038628326666439,0.06328620821579542,0.046012529426806344,0.09133721217920349,0.03984437215258947,0.08256007726569231,0.0013733559468375785,0.19897397780772477,0.4593872470739135,-0.007714014925849182,0.10423814242293698,-0.019545231239214613,-0.011085647213727642,-0.006448888143718046,-0.02990984940263256,-0.10436030211814365,-0.03625830961315307,-0.025610907197787153,-0.003932711646685376,-0.028092173616201668,0.025110438775664434,Nvidia,Semiconductors,Q3-2023
-0.502417877676368,0.47047396839516,0.04679562016205988,0.05408573999347432,0.05637507302948759,-0.1683108219668961,0.00551050460695141,0.040079242763964566,-0.16088619703108442,0.16319070727498888,0.06263003297026888,0.026844601284411216,0.11344784197590647,0.053643265923427545,0.10596211822439686,-0.027168317981997942,0.18286448538118594,0.460839557404341,-0.024681992673733395,0.10998069550885903,0.0070221802027376,0.01038751211231686,0.010403732057788613,0.02808469452771257,0.17968940617651483,0.10535125353708083,0.01657858551397435,0.022588147995361182,0.0208030915521843,-0.008813811125904571,Nvidia,Semiconductors,Q2-2024
-0.35584921474386205,-0.0020517514561506694,0.03444440353554677,0.112251250609163,-0.06599689246533445,-0.06679390193403245,0.12579532058502457,0.17843448606898094,0.23419021958882272,-0.11869085832416704,0.08584998940219965,0.0057548111338601,-0.17151675201816077,-0.36278832833656016,-0.026897055191129126,0.03782638295375013,-0.08949486721580559,0.0609268626539024,-0.03385466988899826,0.03988975865152269,0.43188271085409796,0.14864865493287757,0.00763602666566576,0.02151412430025512,-0.052124406567941615,-0.021409532370234265,0.20718174695843528,-0.10027979903081471,0.42722016806462987,-0.07130700397883359,ASML,Semiconductors,Q4-2023
-0.3865194973271274,-0.05186739521548168,0.0764720474107427,0.0806178280261925,-0.13709185250315875,-0.03717124103195954,0.17474754160873554,0.20052629570567473,0.3415167317872765,-0.11959903612109703,0.18114060306935204,-0.013161304953674461,-0.2606851809023792,-0.5379090455551072,0.04124996858092301,-0.021446620354776888,-0.08214984745683837,0.12584257625285766,-0.030038948980692412,-0.021204909372958658,-0.23442165593540748,-0.03718000819385787,0.015766615694352733,0.039886803208962006,-0.018151175450516734,-0.04803710427714861,0.007935255093151785,-0.03370182251181772,0.11892699696291349,0.014672256750084182,ASML,Semiconductors,Q3-2023
-0.3893694708418622,-0.031433762219615156,0.011944786650799835,0.029040751312015122,-0.11382154839251969,-0.026030622723633573,0.16521597528467358,0.19743134333270418,0.2649672798240465,-0.12793846826548189,0.19860128516589381,2.7296303000045357e-05,-0.2552005540139081,-0.5440027402353136,0.04518221382623168,-0.007521984380612053,-0.05823960327222518,0.0972131140692264,-0.027872273450664217,-0.03688554203057839,-0.3724837504848084,-0.10025728144429029,-0.002152316414122599,-0.0002635288012666027,-0.013209806415054925,0.06966670649301736,0.019355973701489542,-0.0027636924895007,0.0005363766099258504,-7.131959725594331e-06,ASML,Semiconductors,Q3-2024
-0.46603433287428686,-0.021204909407459522,0.010642564743440858,0.03683656939079288,-0.1020917134839887,-0.029839160677149694,0.15830212940327915,0.18907094591598608,0.24168450154074742,-0.12386482301345969,0.17949338820225966,-0.003754894093348877,-0.20423908188145837,-0.48799428242309434,0.036756889840281436,-0.002700082341491667,-0.04020041411390425,0.031033647994133842,-0.047498827571479586,0.00028320617564439626,0.4401803414497328,0.1585160322650504,0.0010165181320812005,-0.03892753654917585,0.06519454850896357,-0.0039565161095008175,-0.08058379824537776,0.04355855726780344,-0.24893952151832102,0.005857740720575964,ASML,Semiconductors,Q4-2024
-0.3400750816594231,-0.03049737162277409,0.04520019765231352,0.04199822400171155,-0.106806932686869,-0.02559714344406379,0.15793076928948024,0.1946058268114432,0.29141095818901747,-0.11927223544493858,0.18907730317969812,-0.010780730014832745,-0.25413594962137154,-0.5425804758350244,0.05727960852139287,-0.02779539608036026,-0.08590513513604232,0.1349040525778194,-0.04410815191753251,-0.03664613882762952,-0.37892670488850744,-0.07999856580228032,0.009964789119438594,-0.02358348406502288,0.034361125926040466,0.053837568257705255,0.006249106203350795,0.024398572940552646,-0.12191359723818669,-0.008079686556136414,ASML,Semiconductors,Q1-2024
-0.4660343328742868,-0.02120490940745955,0.010642564743440903,0.03683656939079291,-0.10209171348398867,-0.029839160677149746,0.15830212940327915,0.1890709459159861,0.24168450154074736,-0.12386482301345964,0.17949338820225957,-0.0037548940933487727,-0.20423908188145823,-0.487994282423094,0.03675688984028127,-0.0027000823414916175,-0.040200414113904195,0.03103364799413371,-0.04749882757147953,0.00028320617564425715,0.44018034144973234,0.1585160322650502,0.0010165181320810688,-0.038927536549175745,0.06519454850896357,-0.003956516109500806,-0.08058379824537759,0.04355855726780339,-0.2489395215183204,0.005857740720575962,ASML,Semiconductors,Q2-2024
-0.44293769436886615,-0.044134272151865106,0.059889381228727806,0.05137770354303908,-0.12650572299985843,-0.035056178175160296,0.17311190844910163,0.18811547265022804,0.28102023224053324,-0.10227228336966397,0.18477771282970853,-0.01455638797088825,-0.21829399494281926,-0.4500888343890536,0.040526669334684386,-0.011862908478538539,-0.046399509262832206,0.08389035849326644,-0.019250368416299412,0.0011471535312210608,0.2336347776728561,0.09678990451582019,0.011854123774140312,0.011110964429993807,-0.02474572758751911,-0.10779371670102489,-0.016543014238443853,-0.0027163399625501007,0.09674896457680161,0.03646032599355807,ASML,Semiconductors,Q2-2023
-0.4012954833262806,-0.08141120608035299,0.03868898631296897,0.03129488078698174,-0.1412142097733122,-0.02612751499581812,0.1605052065206914,0.1836228566521099,0.29781922921891524,-0.12452857119574075,0.1903740416789116,-0.014695844242797329,-0.21826533866008319,-0.5109067348150179,0.05853697758802117,-0.037121534134977464,-0.05309928349684187,0.12309748850743363,-0.008422697086421902,-0.067786441366601,-0.3869754778920802,-0.0884040385907206,-0.007500291741052065,0.01761140461531507,-0.004024944114463937,-0.004292534915040872,0.017172799858360687,-0.004931434225603452,0.05331604982615839,-0.005605258157445823,ASML,Semiconductors,Q1-2023
-0.3295011431695044,-0.22520672823604673,-0.23106643020982157,0.1316386438758736,-0.14316447269167354,0.11663194656945357,0.16530036728633,-0.09501424315122846,-0.03557051937442772,-0.08021232134078475,-0.15823374149942263,0.04140831430967057,0.23334990428461286,-0.0969994511544075,0.03762454809492007,-0.10476501313565943,0.05040237867055553,0.06913007997108192,0.5384044519744011,-0.10738363558360248,-0.015477235398944869,0.10951012672393926,0.4742530441235298,-0.000589538229393161,-0.003023221246364163,0.016008712725350833,-0.007742319144541116,0.0003607213540999931,0.011241073309992428,0.0006894110092453343,JPMC,Finance,Q4-2024
-0.4518045101353472,-0.2869104247290651,-0.29443378162521944,0.16593156363164463,-0.1918841599664783,0.15149479880149277,0.2128583182186907,-0.11451644915564844,-0.06136178800469924,-0.057528239864059236,-0.1622620094124416,0.042404042951452774,0.23523375825904735,-0.08610966706901775,0.045710320380269426,-0.0951815507351656,0.04821295784501721,0.07307424353813022,0.38814671382532123,-0.05745057959935456,0.003171844852851988,-0.0032564438845359184,-0.18209110513042148,-0.014593585796315665,0.02083438556337365,-0.010822561077765903,0.0065037797692345045,-0.015088627403234496,-0.022803301552619705,-0.0011590953853648676,JPMC,Finance,Q3-2024
-0.49371890569265925,-0.27927026314377795,-0.27404478205511484,0.1530782586303093,-0.17506080852531108,0.12865388122234145,0.1883171827051301,-0.09609591642318419,-0.041593571129355626,-0.09502725117355347,-0.15240212310562687,0.046561479677932276,0.2336441519038087,-0.10929845612858799,0.03128033277174838,-0.097853953462959,0.06889151191140437,0.0625660470968234,0.39114611110274444,-0.05799186488734829,0.0038365379013375247,-0.01546076969969413,-0.2444705056509441,-0.007947499104242623,0.006658730259893214,-0.01983978442487401,0.014803258578220617,-0.0035978273988024113,-0.01772899279158222,-0.006095814005524223,JPMC,Finance,Q3-2023
-0.5096436966504162,-0.28001542856483375,-0.2938081904940095,0.18718121464342904,-0.16106697249439214,0.13849424837568242,0.1939872696656862,-0.11845105321010269,-0.041096281208966225,-0.08443818997164192,-0.1595191437126823,0.0429388480326206,0.21652950185086203,-0.09847242867475231,0.026878536247376465,-0.09254852734009784,0.04872057634370784,0.03992045673373616,0.2518819961260587,-0.03312227524721995,0.023930066041395852,-0.03736934115823983,-0.3155989361451098,-0.005524299463963276,0.0022128587452182177,-0.019669513432281165,0.04913766873051227,0.00035235581205740406,0.015172296444590321,0.02543466059641365,JPMC,Finance,Q4-2023
-0.5028602256848073,-0.32395124595564107,-0.31043379730954024,0.1654436352537956,-0.19174792174735195,0.1429226340049331,0.19938795289981368,-0.10977434938399633,-0.04949849179354666,-0.05041954188394158,-0.14681879723177818,0.030147275568411343,0.185854265795198,-0.08746477108914012,0.02946864193390039,-0.0704230128900381,0.04993170079985521,0.05021802120243197,0.22260597523189282,-0.01890741719398032,0.024547117753943547,-0.04319888290151738,-0.31560812259645893,-0.0019043961927242732,0.00643524298897864,-0.010037402418605172,0.003009464861836967,-0.016645159591100037,0.012678448068001964,-0.0028058632464116814,JPMC,Finance,Q2-2024
-0.28055658105698983,-0.1943488738536935,-0.19448879040290493,0.10640551932459111,-0.13449995106673326,0.10027332254373789,0.14997297691225633,-0.08175465191531317,-0.034521554496315984,-0.07094632364608654,-0.1261985569941122,0.04016114067347103,0.21341340803061395,-0.09443171786220192,0.03070007392915922,-0.0975324444597854,0.05533339710303066,0.061201652101235876,0.5772406694319853,-0.1158569063609853,-0.03143443782984075,0.12374990382557863,0.5400231221671135,0.0005199297537481978,-0.010141321244444022,0.013218489513656433,-0.016057684400336763,0.009082147433116331,0.0007691641244893179,-0.0021377097760417645,JPMC,Finance,Q1-2025
-0.5119934444812354,-0.3299994356923139,-0.3209926018530654,0.17461832639904373,-0.20461528607179866,0.15288630872028539,0.21461416959141139,-0.12141794496485554,-0.06628710668572949,-0.014005387779247761,-0.101740212886337,0.014186525502634198,0.15911239153793086,-0.08125989442974314,0.02646814616373451,-0.05228166112716428,0.047976765959092255,0.04571522243274465,0.3223726001157352,-0.04012617703347386,0.0105684204923368,-0.02882971264944034,-0.290833486041445,-0.0050813723315719615,-0.0019456691843313966,-0.0024847020319064194,0.0010427382347383135,-0.008234957697194234,-0.013065671473163926,0.0030536380149974902,JPMC,Finance,Q1-2024
-0.3750327962497753,-0.2908728331376836,0.15983401019247834,-0.1899356004364631,0.15806752308682126,0.12138866436277489,0.0887529574738283,0.4386734755678469,-0.08166600443169864,0.04321569485445807,-0.10172652186719272,-0.4162943307677627,0.05912390609762568,0.057908808538595376,0.015283469905993005,-0.08060777260551909,0.04782593370856028,-0.01660293322941535,-0.00885777784852727,0.008347472699061295,-0.020703787715284926,0.010254176674864139,0.007958219886759203,0.01392757521222094,0.006390881157323059,0.03549274525751446,0.03072311051738678,-0.07833180570072117,-0.022696638979200785,0.06598588622969291,SouthWest,Airlines,Q2-2024
-0.4026929499375065,-0.3309681033613775,0.16818379344685966,-0.19597419516508913,0.18689422277536882,0.12765732299198232,0.10912160148267994,0.4663489730284713,-0.10138399452705704,0.03147834372846668,-0.06125356927843735,-0.42517483555215385,0.05710013298171809,0.04712196526216397,0.016553695255211894,-0.10897166627575205,0.05586499928254673,-0.02331959314089868,0.01668705513845118,0.011111885007905936,0.0014237158501432935,0.0035167815527620085,-0.008569616858733177,0.02307085170222393,-0.013802478186514614,-0.009591629722933186,-0.02152630774165461,0.07856445352493621,-0.0061935806382571535,-0.052059759904034525,SouthWest,Airlines,Q1-2023
-0.3992136372121793,-0.3164489537917973,0.1626670574582729,-0.2225895878936294,0.1489965776206267,0.10922742104396396,0.10924162620747353,0.44865880340317926,-0.09485735189243646,0.03163141939575441,-0.06898804232951647,-0.402696144054242,0.05750109493641431,0.0639454662903442,0.012469679540480803,-0.10402320532344134,0.055541762103610295,-0.016907954284668496,0.027238905463729583,0.007280666046440082,0.0042298683445435355,-0.013514697085683527,-0.023373415749452495,0.008326094986701185,-0.006216785165378633,-0.035203847548092096,-0.022558371057425884,0.13597556601882183,0.011191543935560783,-0.11366267098141122,SouthWest,Airlines,Q2-2023
-0.3993716484000158,-0.2959080085220609,0.1776414916253083,-0.18745920961695517,0.17335498612509687,0.1319356530097878,0.0931315270281122,0.4876701951343545,-0.08765359860281265,0.028912403407055212,-0.10743859288223001,-0.4545366625754586,0.05233741111631663,0.07327721834475363,0.015371004337668368,-0.10802731628149599,0.02714407113311246,-0.017071511277483735,0.01034600798561696,-0.005736584389377315,-0.00982306397686204,0.00452737873904531,0.0031524860654575226,0.0323632458028476,0.0005248524820497275,0.01624447381434186,-0.001842986657096661,-0.006057064319803981,0.012051244448695975,0.01549783798722695,SouthWest,Airlines,Q1-2024
-0.4058695203414534,-0.3162144132440926,0.18201487401194888,-0.20393701623792268,0.1832510143339827,0.13226268398661065,0.08782232039968833,0.47604221854384127,-0.10501853259297352,0.0436941084590222,-0.11427774930714593,-0.4480972705069285,0.05663706796600053,0.06860350971361938,0.02166014442666821,-0.09658413935946562,0.044642582244794546,-0.018358603157076853,-0.000862509152112558,-0.0043957304568871605,-0.0015185926994524613,-0.008807214559424972,0.008892463577421426,0.00764081595559491,0.008854168981773105,-0.010937023135650375,0.0024996722908698634,-0.01827266746098384,-0.009460385650921256,-0.008574965812762505,SouthWest,Airlines,Q4-2023
-0.4120680396531063,-0.3172475953486933,0.15096981945738214,-0.1822127955441117,0.14860455117553664,0.13594208790427328,0.08409524985016477,0.4713235199017458,-0.08597057656463752,0.04396876376635264,-0.10415202827780928,-0.404619925724019,0.044294987708898656,0.0938919516770895,0.01927379222226743,-0.10183827676564913,0.037815402294793014,-0.02755247928484895,-0.025896051285476136,0.01192924395290675,0.006946132846470703,0.011212034723284806,0.013183871810610249,0.03344981571093915,0.005537716568101979,0.029820901569869527,0.0301506061690962,-0.14666048203322615,0.012897527561932472,0.07521404050617238,SouthWest,Airlines,Q4-2024
-0.407159429589774,-0.3125009187985059,0.18488891113139203,-0.19663114500563456,0.17817091430676824,0.12283880190643123,0.10750964665471313,0.475042417049526,-0.09098312288842514,0.030806075611017614,-0.09107080461887904,-0.4157086382059002,0.05116704624074123,0.06948980194096475,0.007400868810650947,-0.10158370026458606,0.03519293353309795,-0.0062725178725658295,0.009261702341291232,0.0031774411366317836,0.008344963732228074,-0.0010920907911771529,-0.009276004612426407,0.0015806382032105127,-0.006450373379325175,-0.03100906484689705,-0.016767656099130078,0.12339081243991304,-0.0013826147031534004,-0.06738853613778023,SouthWest,Airlines,Q3-2023
-0.3741303030475775,-0.3185207114040019,0.17826312748864293,-0.2099559794659162,0.16362013352491844,0.14590488001194468,0.07539064473518359,0.47213538175468966,-0.1026648742063472,0.043336385627756324,-0.11897024014799487,-0.4223493040608296,0.0540654880594556,0.09182847652953516,0.015735456292839282,-0.11958951151113076,0.03549198938448703,-0.009739751356499458,-0.02276563365913029,0.009076371172095175,-0.0052756066246509425,0.020843379328402797,0.010456488699296761,0.014703409188367891,0.005395808268763581,0.02804235208181856,0.03283408136567677,-0.1341259473899807,0.015836382395203772,0.08447420083648381,SouthWest,Airlines,Q3-2024
-0.31807749522249373,-0.3240868308026714,0.5758592174476681,0.0003436616050467149,-0.09113960075084987,0.07082445530594197,-0.06862984515643097,-0.05494213407131185,-0.47699240930978987,-0.13343851089089273,0.053099355830758053,0.28336223239457226,-0.04955574210411098,-0.11037258308429579,0.0431910956281204,0.0861656480514758,-0.08501832720635534,0.001353102268775313,0.012235956945001777,-0.0014261505377490271,0.0068339244924964975,-0.006800369390835998,-0.0007440475652158548,0.05801055890951175,-0.0043927839364081,0.00802845472589958,-0.004418836761726149,-0.03528946852751237,0.0033078234479656517,0.0230989006542274,AmericanAirlines,Airlines,Q3-2024
-0.3408597108336983,-0.35258985285711414,0.5982201886461476,-0.024137717037973894,-0.04394898504952945,0.0761359821364316,-0.03758421661225965,-0.019892745095502717,-0.4574985938352506,-0.12168355979008971,0.05983627818178386,0.2012427895381334,-0.041731378448166594,-0.08128702681542513,0.045993432393476544,0.0801581925610635,-0.05837371495793361,0.00011469180918476821,-0.002730404404304972,-0.0003665143091040499,-0.002732773234871944,0.004163292632855601,-0.0013008989956801182,-0.04515524121474247,-0.005287745914057431,0.004616927971455727,-0.022780603040295777,0.0751016054530389,-0.0031500754978706874,-0.027901564699609277,AmericanAirlines,Airlines,Q1-2023
-0.2856239810348185,-0.3411246865981425,0.6082831335118671,-0.010597660788506168,-0.057970547699078764,0.0732427596190371,-0.06109217060818754,-0.0027424030911032543,-0.5116255165930342,-0.12921592048396668,0.03207355546189731,0.22194084741427036,-0.05608506639203122,-0.09239031630999119,0.0370660511724459,0.07613987150861744,-0.06972499570542416,0.006398525352810421,0.0037018821090599374,0.0050798419718241184,-0.0020721332044287277,0.00879210922203023,6.16272409879066e-05,-0.03794451123874898,0.013975750666719992,-0.005340845627552402,0.02100103389566482,-0.0035397861789579176,-0.005427303520392549,0.0005051242620313348,AmericanAirlines,Airlines,Q4-2023
-0.3024357174580662,-0.3600718497969764,0.6212540554188068,-0.008761751036851865,-0.03876608950356885,0.06532231928826612,-0.05882111318631832,-0.02058072447303743,-0.4739725456854749,-0.11159920575049648,0.030181776449351817,0.21234831252471453,-0.052262551050827846,-0.07316086425870416,0.052918546354591686,0.08716757350516972,-0.05576334884692282,0.0033108533327717705,-0.004724016849123966,0.005100967071299072,-0.00833645560802852,0.01001302666629464,0.0007120815514265706,-0.05212609254277676,0.013114076401858438,-0.007774136517498409,0.011674074370087809,0.015260328849523259,-0.0016233149710702646,-0.021995343432283643,AmericanAirlines,Airlines,Q2-2023
-0.27561237087258894,-0.3278789464805851,0.5860989422355111,0.010351927428655296,-0.08056949129899782,0.0642181335222652,-0.07604141316149876,-0.05641526791219316,-0.49068395360539985,-0.12160660669667905,0.03948180563230929,0.27780639262989326,-0.04454756163978273,-0.09177266094117952,0.032390171746096194,0.08919756404123325,-0.10004815866921653,0.00894148177431768,0.014089052984935001,-0.0017881791236293626,-0.0020910943243604273,-0.00436728095380721,0.0013407018598234803,0.05686180695942959,-0.007021746192260626,0.0062136376125813035,0.0042830459348462925,-0.029447878528535216,0.029520426568820438,0.011002590843041561,AmericanAirlines,Airlines,Q2-2024
-0.33040723426427243,-0.3586232548132183,0.6123607242286343,-0.01397982258660019,-0.06173219480288304,0.08140895472303025,-0.034685688236105475,-0.01506730733985614,-0.47588825924993233,-0.11454820151133602,0.039010183693773924,0.2103455997943189,-0.05334086617172474,-0.07726340839157089,0.04538185489640135,0.07848527573635417,-0.047310184483824305,0.0016365851873969002,-0.00481167843882803,0.003040668167252964,-0.0013416823260207862,-0.0014604237281918384,-0.003040636089512775,-0.04705358543032825,0.0030817322539064243,-0.0055982430079024375,0.007244456898388514,0.023527533180875394,-0.017335114971899466,-0.016075686407221602,AmericanAirlines,Airlines,Q3-2023
-0.30727914319941335,-0.3461778088530534,0.6158765840775036,-0.009097321559582401,-0.06089123015190791,0.0741360622314822,-0.059193648886316855,0.0015184849655867393,-0.5036342489850034,-0.12772267767758147,0.027156568110970593,0.2181312554414353,-0.05737291635139121,-0.08300254035548156,0.03472832040785153,0.07995629197134711,-0.07423046337788745,0.005069576948422373,-0.004659594061575474,0.008079725743004055,-0.00515548587359082,0.0072434116479060725,0.003556983621949718,-0.03474711318693495,0.010548157382956037,-0.013902108584996797,0.012685441920945851,-0.002361555193381278,0.003944782891252307,-0.0038989144711038806,AmericanAirlines,Airlines,Q1-2024
-0.3148462769429594,-0.34539279559158487,0.573826687008165,-0.004572363048308465,-0.06891434230857542,0.06696013716814218,-0.052509971741756735,-0.046922544302227864,-0.4825633740332541,-0.11948422681721074,0.0410128187450098,0.2580752218225729,-0.04355729416863497,-0.09542778894651893,0.041221027118641416,0.09241561630072796,-0.08611821281375676,-0.002427410282164907,0.008776256097300903,0.003650055018899785,0.0022921079812778977,-0.009981632209142628,0.005462753194025046,0.060640667737079296,0.0013834634251639253,0.004214151940464622,0.0070363383346813795,-0.05277383304833214,0.00326891613829232,0.024761494569088868,AmericanAirlines,Airlines,Q4-2024
