SVD_1,SVD_2,SVD_3,SVD_4,SVD_5,SVD_6,SVD_7,SVD_8,SVD_9,SVD_10,SVD_11,SVD_12,SVD_13,SVD_14,SVD_15,SVD_16,SVD_17,SVD_18,SVD_19,SVD_20,Company,Sector,Quarter
0.3263734501815072,-0.34604357564629856,0.07276900172191815,0.49058412619658287,0.17368457180758914,0.5013336527159389,-0.3221290607024745,-0.26537567926557254,-0.09171922599601631,0.029854506647966274,-0.06405169353858922,-0.03364464365529231,0.0021435744757560375,-0.0304214030663799,-0.00920109970613053,0.013977203027886465,0.0015591075283686675,0.005011285613014976,-0.003849019407156111,-0.00421288756024791,Delta,Airlines,Q1-2024
0.3282641196251416,-0.3295533269035051,0.057016138062302026,0.4994704100349973,0.1677624336173476,0.5016886813770297,-0.3312895852959915,-0.2709117583070628,-0.11446530112815309,0.03853454980511059,-0.06725543326653981,-0.033662433156964024,0.0056013586324548635,-0.03173371809595125,-0.009203213565982457,0.014924641417904297,4.5997984754865095e-05,0.0045941314490148735,-0.007600502136086087,-0.006567680639523704,Delta,Airlines,Q4-2023
0.30824092518791085,-0.33524113875408723,0.06953059303057973,0.4943094631482905,0.17265786304944714,0.5037670938918103,-0.3256864949793902,-0.27351419365586455,-0.09932154610162354,0.033034140495704425,-0.06255352426212717,-0.02880995230403897,0.0034284987287992405,-0.032461907399496795,-0.008552131260202014,0.01472268831447799,-0.005162799395144563,0.014600627360971645,-0.01072960358680696,-0.006202603874795223,Delta,Airlines,Q3-2023
0.3004917940640605,-0.33406302342610156,0.06273482052504081,0.4891135020266695,0.16648918890696981,0.5189930201589227,-0.3135032306463648,-0.2830067851620724,-0.1080892065902911,0.03960225645147429,-0.07145191735219507,-0.03977944361603969,0.0018584494376372711,-0.035228234633948134,-0.00864802962550292,0.01894442142554943,0.003186429564064856,0.0072634359029901206,-0.0043385579915042344,-0.0029286610335509107,Delta,Airlines,Q2-2023
0.30685689895502805,-0.329425432367376,0.07010435812464637,0.4902219747252462,0.1721879208330891,0.5077716908075584,-0.3280859184500947,-0.27030691989643174,-0.0977566024987356,0.037937453043245604,-0.06363343328704833,-0.024469507466907653,0.0003679541608685832,-0.03025934442431229,-0.012524369192683796,0.012864617899659384,0.0037856256805476026,0.007001764499909216,-0.00549484391271803,-0.003623342215343357,Delta,Airlines,Q2-2024
0.35221647774494524,-0.3299304073543701,0.058918264011747365,0.4912539798894465,0.1603901723510706,0.47873453499424073,-0.3013856346428369,-0.2619872486174597,-0.10688193526262317,0.03712518068565189,-0.06131855031222167,-0.03970641976940635,0.013207143660088846,-0.029589091391542227,-0.01789876047307116,0.021429925213163042,0.008901250395407592,0.005742781611335113,-0.018008814517440422,-0.0003732304746520669,Delta,Airlines,Q4-2024
0.3229682498107198,-0.33551487274990555,0.06569003159012556,0.4864528754557532,0.17000864445702946,0.507194703515571,-0.3184215996662928,-0.27301476161385524,-0.09940275571698798,0.03187884580541196,-0.06101455473986801,-0.03603488404210876,-0.0014009392127945308,-0.02694599226502193,-0.012305034355470373,0.00930344760654099,-0.002846948164008603,0.007923905362902332,-0.004275999698512372,-0.0046278321509851585,Delta,Airlines,Q1-2023
0.3207601376209379,-0.33014451189130456,0.06725322380811544,0.5086668625940778,0.1647322625011743,0.49837729370476125,-0.3206398497084142,-0.28053267707191143,-0.10479927904066157,0.048449843809444955,-0.06100572797609989,-0.03483761714725717,0.004485823720317921,-0.018792412525811774,-0.013391147625935546,0.013013848732279246,0.009465264029554584,0.006334132143634696,-0.007184548826164776,-0.0007621162050282811,Delta,Airlines,Q3-2024
0.5436008547367961,0.2628828165618472,0.10378774504230032,-0.19797304678355704,0.033282086338634366,0.19380226866137149,-0.005149428567410552,0.11276126125640494,-0.059517489650716696,0.04177375554032865,-0.10790910266857655,-0.013526383354371094,-0.04350058703090395,-0.14869638441034846,-0.014215085036915485,-0.042385000034921155,0.47260143655807835,0.0016690220062063387,0.037219770920304304,-0.004034480689515968,Intel,Semiconductors,Q2-2023
0.5219741178839425,0.29112840091998726,0.12204891044521851,-0.19259457504134453,0.03750728415418514,0.17971396600810116,-0.007039059188281781,0.08075047929094187,-0.06386450394983617,0.030725505001580625,-0.13163405979768877,0.013191299889398897,-0.04304421731549103,-0.14614868497500344,-0.03645350337144807,-0.03276891520829186,0.5299514508105145,-0.001984356763937327,0.048126130048528296,-0.008521538817248878,Intel,Semiconductors,Q3-2023
0.5352150602521037,0.2764586031345181,0.14081266152165017,-0.20733351733997327,0.022255310067777128,0.19137428148207067,-0.005403232348919094,0.107829409537507,-0.09922550835693561,0.041990156407691756,-0.1197333830415631,-0.006228054559184279,-0.04755470116133786,-0.19024717426867674,-0.03810292637589802,-0.03315063845880668,0.538499769639358,0.02622661633455759,0.057477554920452534,-0.025622571657599947,Intel,Semiconductors,Q4-2023
0.4608399915720016,0.18979273190207,0.11988629571623796,-0.20723270438491467,0.004880185618072131,0.1741922271002622,-0.014496158734564479,0.11232160051638523,-0.11600257203578278,0.020643809084999614,-0.12883653011161458,-0.02037305125007031,-0.028029210811167517,-0.151567656865846,-0.04708292611131655,-0.042626779960504735,0.5857374018737419,0.04396210095263218,0.05114284089102253,-0.04472508251747638,Intel,Semiconductors,Q1-2024
0.520115243437771,0.17604315056563344,0.08020252113622803,-0.24814494293458517,0.072415982773654,0.1708556013243093,-0.0076064922695640875,0.11966276988441463,-0.11562525470975411,0.0003151089313358727,-0.14254086689964718,-0.0750307168319144,-0.01645801477965099,-0.1371452560622522,-0.04148009113655804,-0.028602113323529035,0.47996918646471437,0.006483362629466684,0.044801888477099344,-0.020669517527160137,Intel,Semiconductors,Q3-2024
0.4961522464946868,0.22150306464118336,0.10788368568351088,-0.21353829254333723,0.021199965514279502,0.20193657670135795,-0.032246357678896116,0.16407153850766654,-0.08080212665659386,0.022752222784899415,-0.1361621244411834,-0.04849964741920536,-0.025167300180707203,-0.17818062784915814,-0.03413752604867885,-0.027607762399494834,0.5154221302952883,0.021217731642607374,0.04884812510507039,-0.013658676378645552,Intel,Semiconductors,Q1-2023
0.46384504808160537,0.1676398000704281,0.09540918604902818,-0.21281528657042095,0.019272670565042976,0.18096908608061532,-0.016947311238707092,0.13923506901007585,-0.11220339197392903,0.021191856932225087,-0.10857170611945915,-0.038926201070391846,-0.04837608680930029,-0.12320465884623939,-0.04632483189389193,-0.012944187199004507,0.5469727836394872,-0.011034139031305826,0.06813694343890656,-0.04538389363664555,Intel,Semiconductors,Q4-2024
0.5158664927951001,0.21870518079890544,0.091747855231942,-0.2170855165041045,0.035173580092654394,0.17605095849483837,-0.00553399904156336,0.11650221375761341,-0.11759135743834061,-0.0014097396461288689,-0.14318069938869896,-0.04465650932184919,-0.022263007514299247,-0.14843159505793602,-0.02963651108791247,-0.023101561784267786,0.5134796031632688,0.0023293880604319276,0.05854806789029245,-0.030672591641376652,Intel,Semiconductors,Q2-2024
0.27970690191711123,-0.33146533738699,-0.022421517696505338,-0.4078618355207561,0.7383388071063051,-0.04345837303309591,0.11098108730355048,-0.13436308343748488,-0.07392167731981353,0.10887777409429647,0.12531598653820947,-0.029629098428840185,-0.025038436116763298,0.06973769423656655,0.0021289711877426954,-0.013159538357282273,-0.02632574393740008,-0.009408885855006242,-0.0011066832256017322,0.005523367036361352,United,Airlines,Q3-2024
0.2551470700732298,-0.3265476317010016,-0.02188470278680314,-0.4034160098907725,0.7455792281930144,-0.04338343754184245,0.11038977493040877,-0.13265539040910743,-0.07192883731519939,0.11021026104225394,0.13096624021136996,-0.022175117749924356,-0.029172201625406964,0.06726334540317738,0.0076834440342328884,-0.010977938716962987,-0.03317260159892808,-0.014028774536871251,0.0023705052254840296,0.0026427175425387172,United,Airlines,Q2-2023
0.2746600658736124,-0.3180646283181487,-0.00908021375244204,-0.39936464142545597,0.7395202428787817,-0.03346545630006798,0.1010718987852328,-0.1267042496225946,-0.0714340099524547,0.10454840149719363,0.12928803097376879,-0.02830396612377544,-0.02491795636292998,0.07357348689581157,0.007664355746767571,-0.012338130030807177,-0.029124638763772887,-0.018158225869268987,-0.006521331329734793,0.012147270107717904,United,Airlines,Q4-2024
0.27069416365657806,-0.32761041159208115,-0.01681384489063882,-0.39885962926480667,0.7417208682939757,-0.035267652690053275,0.09851819080540589,-0.12968660129674692,-0.06863678772589775,0.10835008076417386,0.12870165499315508,-0.02454863651106038,-0.025995816657282306,0.0686095735072076,0.008580173032871846,-0.009742408764834874,-0.031176613694275736,-0.020974972848401312,-0.004986816506012936,0.007773811051344449,United,Airlines,Q4-2023
0.27042523629088444,-0.3300554469600576,-0.018224687785977276,-0.4073903006721834,0.7446141285192184,-0.03785811233185748,0.10881256722383684,-0.13678142410859315,-0.07182626724532949,0.10775381699227841,0.12988288220352093,-0.034051571013307254,-0.017981234856467992,0.06886579504533648,0.005674896080196394,-0.008640445652817895,-0.028417813074373063,-0.01442743098680378,0.0003027798861194426,0.005540458564598495,United,Airlines,Q2-2024
0.2633704438097604,-0.330582423200264,-0.022681084482018898,-0.40220800622017616,0.7491857339496218,-0.038684631916561144,0.10476201668343335,-0.14288871510720608,-0.07408681855997279,0.11282281110229125,0.1275126528442341,-0.03041182949821114,-0.029373176644786916,0.06909191116057423,0.0053939602519521785,-0.009436515775865016,-0.03256383357195093,-0.014052531456817412,0.003600515828134771,0.0037080746175864607,United,Airlines,Q3-2023
0.26343187873799334,-0.32168623403258984,-0.028663889420796812,-0.39012599784623647,0.7111446261779268,-0.05007548426402709,0.09509479686297403,-0.14137946599029974,-0.05894433515855172,0.11855602603590717,0.13473657816359966,-0.00969418793152467,-0.032419695022516244,0.0611988954611789,0.0018974066917860233,-0.008805929411560177,-0.020183560745064267,-0.011413013234721476,-0.008120716833457834,-0.003647805089749683,United,Airlines,Q1-2023
0.2708064020697706,-0.32957627301780695,-0.007158166479063099,-0.3978991397547761,0.7467892573948707,-0.04722218601608833,0.11192630271595116,-0.11447596891403211,-0.061122287560803915,0.10793976251126094,0.13092804198115604,-0.011987458018256708,-0.02735335337629299,0.05996479958652419,0.007201607260684445,-0.01417336660040133,-0.02642719815822977,-0.012210203745504791,-0.0022642772493438462,-0.0020985057919578006,United,Airlines,Q1-2024
0.3621589668706326,-0.10456500598038194,-0.06659967641201243,0.19746016992714072,-0.04432463113562216,-0.14357304228268372,0.0420393750351806,0.024311871146755364,-0.1744818601949563,-0.3621728432814155,0.5762170236543812,-0.06917045840586986,-0.3195432519123122,-0.21366221390943,-0.022548570545877316,0.005881975369839362,0.06265815048301598,-0.0032974348605078426,-0.02460675142544739,-0.048332029528742944,Uber,Tech,Q1-2024
0.3558116878791282,-0.12406911739538662,-0.0635275514615415,0.19049092674496948,-0.06301203700610604,-0.1169870379474296,0.023723966828246883,0.049573529783598864,-0.16456751376663656,-0.3298258376653936,0.587374319163109,-0.07792563656917466,-0.3054816826560132,-0.25337585932411194,0.0252268760446748,-0.03263238005954892,0.06144645497292729,0.02028716881116444,-0.0008817267957803172,-0.015954086760090323,Uber,Tech,Q1-2025
0.32415306268682254,-0.09611110849534471,-0.06796830015570814,0.18514916800823467,-0.04776870738324335,-0.14440037068678008,0.03456747984891839,0.022783033260603817,-0.1678744560515049,-0.35265699629364516,0.5742092688811061,-0.07802836094914456,-0.31624704881885607,-0.24511858877435713,0.015126101617402389,-0.040699323624403275,0.07200807438904255,0.010215830484254207,-0.02228776988302453,-0.04253584176503266,Uber,Tech,Q2-2024
0.3765789690109358,-0.09613613855909947,-0.05550046157421476,0.20138755826163984,-0.03739419466756477,-0.15495146170842697,0.05222333757891539,0.017296350458929764,-0.1540392377504472,-0.3156534221991968,0.5196914138626009,-0.06290493864453443,-0.281400709558284,-0.21329331209326313,0.014656257797575655,-0.029684529615121205,0.063085276148757,0.0012865062101851902,-0.04280465634967901,-0.029731716117427778,Uber,Tech,Q4-2023
0.4430023355203928,-0.12838451627168374,-0.059516867633462,0.18780895219879873,-0.021842514643718596,-0.1311148216955689,0.024377037666869383,0.024336164645206576,-0.13291989998436313,-0.24157397216526935,0.3752833141713163,-0.05863522530286893,-0.1959753319423025,-0.1477094059478604,0.022467432300233157,-0.02558002473862607,0.026403223945746485,0.007241312045589059,-0.013711151704818795,-0.011622690061205174,Uber,Tech,Q3-2023
0.39849098768287156,-0.12359771123862516,-0.07604693496738879,0.21066269790586495,-0.04843024358907263,-0.15800216592836816,0.04263519036534442,0.015740490362496726,-0.14315332886512686,-0.31663248270427824,0.5478661573112629,-0.054177234022681195,-0.27659647400117243,-0.252504857815036,0.016383294599395474,-0.019595288810177056,0.05843202922433656,0.01359005362793948,-0.01428220849115917,0.0023585760074083624,Uber,Tech,Q3-2024
0.4015462640535252,-0.118518327523559,-0.0774621197890479,0.1736576713556104,-0.053105451655533716,-0.12920864341772006,0.014969885352965522,0.031812040545214144,-0.14923891215852353,-0.3289880079265201,0.5414741029882533,-0.04864473454901827,-0.2647409539561673,-0.214647666764454,-0.017839108633633593,0.012830448015388525,0.029365574446020382,0.011560928906293724,-0.019909113591365005,-0.04937787661727664,Uber,Tech,Q4-2024
0.38234605200233535,-0.1594584455800769,-0.022328304192523254,-0.14647163368524016,0.048546920330161586,0.03913311139934185,0.020819642522560536,0.23387850771285415,-0.19471479138241746,-0.23489001663423215,-0.17509543846410022,-0.27765058213611554,0.41124816610593284,-0.36674283719250245,-0.015420283210533764,0.01969039545859822,-0.20328009289962398,0.032702176806314494,0.03323136744546446,0.01577134744431556,3M,ConsumerGoods,Q2-2023
0.45541409160464363,-0.16403963380501352,-0.07148859608850502,-0.030060365692973882,-0.05194365922446198,-0.010514544523186871,-0.01851305883852079,0.18203437433313313,-0.14841530900081837,-0.14916701652211922,-0.04057773821618813,-0.16986715779039827,0.27754325787218476,-0.18043840144697354,-0.005225412721014658,0.015249296805517487,-0.15506675197063907,-0.0008009678145112392,0.07134289406821286,-0.025729075367242407,3M,ConsumerGoods,Q3-2024
0.4118759102832249,-0.1538055773433229,-0.011721510461974335,-0.1251071214318154,0.023340574498875458,0.03348014583819602,0.028604741972671557,0.239149069486005,-0.18804985547346093,-0.23529220557676395,-0.16741283391779066,-0.26374154995694993,0.4032107442089283,-0.36798290227992037,-0.02249973688376798,0.005721467611726526,-0.20702274680378704,0.04544298331526627,0.012022505391947548,0.022336760305052984,3M,ConsumerGoods,Q1-2023
0.3571721232429866,-0.1686800394556095,-0.031269855076363595,-0.1403314132879734,0.06383229869490964,0.01681828788137209,0.03610698448542138,0.19432595995555718,-0.17813289347836206,-0.22174566260198084,-0.17224804583897008,-0.26725022693406625,0.39130816607350766,-0.36801542667582415,-0.00666519110940966,0.008138764873510397,-0.19675102176830375,0.022101139142714252,0.020385807367397143,0.03612018011865027,3M,ConsumerGoods,Q4-2023
0.3978958621875766,-0.16456285370136844,-0.03262251429812077,-0.12382545466979197,0.029103156904942515,0.0294884301986478,0.021334062691148747,0.23576218041657102,-0.19577861000931818,-0.24550268809424772,-0.16993882338051342,-0.2800979801766897,0.417708082654357,-0.3752390402853552,-0.004778586863347484,0.01991415830918315,-0.21907103400630523,0.026696111270621676,0.04045745874463155,0.024206727849635762,3M,ConsumerGoods,Q3-2023
0.35865850812124955,-0.16375002077800277,-0.03384814016163855,-0.134389903109187,0.05170283313208464,0.02381903771375791,0.043172238209535016,0.2002306690312814,-0.1883352011474668,-0.22277249545785296,-0.16625044241531875,-0.2695071391117576,0.4006821594055314,-0.3613169780246533,-0.008177991247148547,0.008866985689898538,-0.22315555793705982,0.015757576197983764,0.04517034799767607,0.0335225143721013,3M,ConsumerGoods,Q1-2024
0.4269193580799782,-0.16346880407443934,-0.07004734325116402,-0.06424811492941421,-0.04073197195471009,0.015962916483126255,0.004304221693652007,0.17522977409106033,-0.14801994422544393,-0.1625132039328458,-0.07189697388625395,-0.20493205635631312,0.3004725249840183,-0.1871988184203468,-0.021384118326648216,0.004447788822297125,-0.1468524385389215,0.0012727508849269336,0.07132393371871683,-0.010225867919395852,3M,ConsumerGoods,Q4-2024
0.4493392869055227,-0.16944630128453705,-0.07362418352801689,-0.08639366945741297,-0.006197887372910604,0.005830544792273932,0.004432343788656391,0.16684315081738418,-0.18194006364253845,-0.17745858210409413,-0.09900742012045055,-0.22403487456397264,0.32422217339748816,-0.2706076260342642,2.494230050195091e-05,0.024685004137212755,-0.16537752517235102,0.002760361415235363,0.057676978684344044,0.008418288694664905,3M,ConsumerGoods,Q2-2024
0.32078223934030714,-0.27774204055048574,-0.1840697470296891,0.027231081812755256,-0.15895585306692867,0.26577078110646574,0.5469903251181616,-0.014745731689373329,-0.07776541203964846,-0.052507572517197384,-0.11386692912008947,0.15228435556641162,-0.07763910791108615,0.04589650342672707,0.40459857158565976,0.2939820071695074,0.009629543979528211,-0.00547924778398962,-0.024114088455713358,-0.009656890562020896,CushmanWakefield,RealEstate,Q2-2024
0.321132738923574,-0.2870787642481692,-0.16602301154383103,0.012522346068335568,-0.12349969181140091,0.24638759131798674,0.5236451936641529,-0.005456947630645335,-0.07500737875084904,-0.046916309858010125,-0.11894378676203105,0.1416761987520382,-0.0691967257886935,0.028595571966513286,0.3979024275091908,0.28254824766350184,0.025383731069963517,-0.008965227655047424,-0.001856423018667083,0.0018285889483012525,CushmanWakefield,RealEstate,Q4-2023
0.4038418701656651,-0.24744641969754816,-0.1555409144014407,-0.03154028888470859,-0.10682906920577621,0.10304119985496152,0.2827346785091635,0.02105476298085557,-0.04851079197426458,-0.03641234804749449,-0.053501473290698,0.04794784761340892,0.014865987554897804,0.03620823394317348,0.2537981747285344,0.17357097915790665,-0.0017650666637294141,-0.04829302411638566,-0.018614809903508056,0.00048789025469403533,CushmanWakefield,RealEstate,Q3-2023
0.2899658529958195,-0.26714160086133587,-0.17076657591078806,0.03380252191140265,-0.1564876078054552,0.26568759630501065,0.5383900095215498,-0.004374346768107391,-0.08276135399271685,-0.0560795916384016,-0.12031116460313791,0.1576929120901187,-0.09178972471336881,0.05839120500193024,0.435525873067092,0.30405294874721045,0.011168293273955904,-0.007292561128100176,-0.0012919852884489915,-0.0014076726734448188,CushmanWakefield,RealEstate,Q1-2024
0.31982575740092933,-0.28274796940132113,-0.18148877592650522,0.034440832276336236,-0.15398873699052962,0.2513478941291769,0.5353476279789013,-0.016549118031853334,-0.09010541413109908,-0.062353699158892474,-0.11133918076411635,0.15268270926547395,-0.06945177091808916,0.05484104299332234,0.4147925919788513,0.306244343899885,0.00867099617856702,-0.0017175737157745447,0.014552946302167991,-0.008518100782648735,CushmanWakefield,RealEstate,Q3-2024
0.3024098051276057,-0.2801405409180005,-0.1794282445765513,0.006786734733348958,-0.14876860278984058,0.26034407036665164,0.5484879505420628,-0.015554266815866791,-0.07785772937882009,-0.06188264804662172,-0.11508178510820237,0.14098264473604039,-0.07430391192060172,0.049176612718127,0.3868471120800783,0.27727090462282555,0.0010251863124352938,-0.003943882731542232,-0.024394048423503994,-0.0053966657490017245,CushmanWakefield,RealEstate,Q1-2025
0.2952013459883348,-0.27354767191621343,-0.17033024845997374,0.02064795415697672,-0.13437577607412793,0.25827637932212616,0.5394609751592933,-0.017182202467636517,-0.08483630158042482,-0.06323977329199876,-0.12501273442344385,0.15888095656851703,-0.08068366522044618,0.029514212100887005,0.39756749098202254,0.30515213909624517,0.018847704147066158,0.014062244579913036,-0.0072517421951377465,-0.008761219880397915,CushmanWakefield,RealEstate,Q4-2024
0.243704105017906,-0.04768163999756339,0.6188841923773999,-0.22617643935886428,-0.2749023570466051,-0.06355384922171053,0.024748530434124692,-0.2506364081020188,-0.335116512770165,0.11940316317416161,-0.016102992398603688,0.11546801788466543,-0.08185720037646303,-0.071015739892308,-0.017726510315438933,-0.020525309432119304,-0.08698822573710215,-0.008368331641239289,0.006158711822888393,0.0009783740883617343,TSMC,Semiconductors,Q4-2024
0.23029337069247074,-0.06878414554212334,0.6278445641107724,-0.22458078183476857,-0.28615992483362523,-0.07256244748058466,0.023248809684907713,-0.2571454762785846,-0.3524609107868433,0.12395079232211374,-0.013804955697367461,0.12190560868766424,-0.07597742888972772,-0.06106753046751043,-0.0159423176028352,-0.024449781105600418,-0.09348709353807447,-0.005896827291109378,0.008371711879684787,0.005510884722355308,TSMC,Semiconductors,Q3-2024
0.24097719033333664,-0.0831255864845933,0.6786717194629163,-0.23343887498693952,-0.290113703832928,-0.08849346442849346,0.016525221157723598,-0.2200189226267842,-0.3604877743177587,0.13726557096016903,-0.024792588848323818,0.1648248659575779,-0.071054395529329,-0.1022362320847255,-0.02414695814132426,-0.045487704324885636,-0.14325151296323868,-0.010498206294010702,-0.014859242008418046,0.0036157100039804304,TSMC,Semiconductors,Q3-2023
0.23112432728931537,-0.06998574506000971,0.6581930135761467,-0.2366589634023772,-0.29093285105928296,-0.08776787741432651,0.011020017343776051,-0.24013506153926845,-0.3877884836736904,0.14042823132390383,-0.016489369029707105,0.17016178478384641,-0.07898983885989527,-0.09754615638076565,-0.023148746616189656,-0.040193643440138774,-0.1427481170282168,-0.009725685885659302,-0.01621720156571051,-0.0005191591235562756,TSMC,Semiconductors,Q4-2023
0.20001864853995668,-0.1031194623877781,0.6581156752799604,-0.23643700883865493,-0.2902998088012088,-0.08682811015756467,0.02139313234735287,-0.23034484716498865,-0.3735868802823409,0.15273941269858185,-0.03130975090551213,0.16622925649300102,-0.07660103211355572,-0.11414778712034174,-0.022769077595185313,-0.045867682998726025,-0.1696031687302512,-0.008533241628975948,-0.012858998498870122,0.0004730414676156904,TSMC,Semiconductors,Q1-2023
0.22730884286588043,-0.07483994290021338,0.6662156512928914,-0.23941313061382047,-0.291281768739184,-0.08481499229268608,0.015829611433600083,-0.23723903217202413,-0.37242064901156335,0.14990432654367708,-0.025599930591856078,0.16784343957127418,-0.07435817977062648,-0.10357972911986386,-0.02137068473587206,-0.04438669266120851,-0.1592643504190794,-0.01104550168263838,-0.011506301797041915,0.0007118851605278867,TSMC,Semiconductors,Q2-2023
0.24692463674196166,-0.06501621253456613,0.6286272046142942,-0.22627294894986286,-0.28052660713941824,-0.06318790685061326,0.013840580735107397,-0.2408399132133567,-0.34425272331768175,0.12081089469504103,-0.013615090984239613,0.12020406766530281,-0.08247884641673674,-0.06320647729930047,-0.021247743218188852,-0.01693944631723496,-0.08116350225131311,-0.010650746641496614,0.008602741370923154,-0.002475548642571671,TSMC,Semiconductors,Q2-2024
0.23900978635242862,-0.06241523482566588,0.6659045963553432,-0.24442633811318487,-0.2888673712973472,-0.07946668373155444,0.017695500034356142,-0.23866278847658884,-0.37783820341118374,0.14356635714101582,-0.02089087902902974,0.1628893723999636,-0.0717894648668699,-0.08648790927333341,-0.024441640813696392,-0.040156525396256734,-0.14787106266039848,-0.015043429867059291,-0.013566721975597265,0.004758422802341755,TSMC,Semiconductors,Q1-2024
0.5020377105878565,-0.28019850702034615,-0.3092050416014736,-0.244678570942019,-0.1672190483261257,-0.1801456043969372,-0.25243381943314214,-0.11282357442651998,0.05441229411693611,-0.1149772022623046,-0.2690176114322281,-0.056186029559695996,-0.18043497865588476,0.019420547872940373,0.00033370939499217857,-0.043511461989868924,0.00708168814552404,0.02536896984743871,-0.34113129310874724,-0.05022256286996412,Citigroup,Finance,Q3-2024
0.5177703159905076,-0.27699534865652586,-0.2880881567794332,-0.21161090963227525,-0.16696939517841863,-0.157769252091571,-0.22127997036639918,-0.08963404366218815,0.04622154803063722,-0.10983323147089796,-0.26314735608345075,-0.0617663985189426,-0.1920436832102423,0.006758485393147473,0.004853951697267874,-0.04848580984695341,-0.0029041988222171097,0.004179993178585726,-0.2776408363670824,-0.06001130386217421,Citigroup,Finance,Q3-2023
0.5112776639405161,-0.2711748871184322,-0.31098668587453665,-0.23706507659961176,-0.15814615099365034,-0.16634766359763883,-0.22864419941121758,-0.10525604831321068,0.054362762388802305,-0.1087539173219039,-0.25323448160879736,-0.06052827209490055,-0.1953308998989558,0.025363381414929193,0.005316695177947266,-0.05562266026674256,-0.0074629214265292424,0.01980309557885665,-0.27083769835993715,-0.035932093750896545,Citigroup,Finance,Q1-2025
0.49876751656062723,-0.2758986951825981,-0.31792978960152024,-0.24426069713132179,-0.1656068049696457,-0.17889480394549798,-0.24967963215439223,-0.11619357667883956,0.06051828733997832,-0.11350486257776185,-0.28584458167535887,-0.06084748825232908,-0.20449088589852882,0.015966021039332895,0.006092759092410372,-0.05665602332358125,0.0019548475344439904,0.023226096523810007,-0.32234628815733,-0.04295115945223865,Citigroup,Finance,Q1-2024
0.5103122315327554,-0.2669945455640838,-0.274083530759423,-0.2281897780483559,-0.14744082866528732,-0.17312600056647745,-0.23431716632996802,-0.09684972216981719,0.043422152908286646,-0.1333287203389406,-0.25718667741075085,-0.05400278806258339,-0.1654540915019765,0.0272219074387297,0.005633681666085271,-0.055786317335500456,0.006108538174720938,0.03920150844175694,-0.3493979675157007,-0.057442554686370766,Citigroup,Finance,Q2-2024
0.4742309087181245,-0.24664870547954793,-0.27385168198193555,-0.22928943739043,-0.1404343941440593,-0.1726691141655483,-0.2297069227965914,-0.10218786139783716,0.04544844677821742,-0.14661461410105603,-0.2797517800678859,-0.051714843124104286,-0.1796478245226545,0.0286464548781848,-0.009865171959740291,-0.05051960950564072,0.014613920568340228,0.029724478648147035,-0.3757723515197895,-0.061236671951663976,Citigroup,Finance,Q4-2024
0.47546104655472615,-0.24845697381422788,-0.27966811416915105,-0.22808246850362654,-0.14155283211622818,-0.16245755653249133,-0.22764846949044934,-0.0849898647436513,0.03788357383893909,-0.14792272193567807,-0.2964709796845464,-0.07133810222881266,-0.19095825054777602,-5.446542613108803e-05,-0.004370313940404117,-0.05866969454732439,-0.0021433797592656754,0.0036646591427489167,-0.3731999080700971,-0.06770694900696178,Citigroup,Finance,Q4-2023
0.6006171928118343,0.38558737435078033,-0.0038368339750762424,0.18973868148181106,0.10773650688215756,-0.1990090973954597,0.11268669373973031,-0.22217084948776625,0.05444996852872431,-0.0425887370516587,-0.055168421964156715,0.06160765861838372,0.09643576351047507,-0.026490662233041532,0.08841934792100221,-0.11677556283722701,0.04374283994416575,0.013157881897610574,-0.06536754196274648,0.34857485864361826,Google,Tech,Q4-2023
0.6280701973626672,0.3803206779215178,0.0021059669194940516,0.16275299740671756,0.11706314185134846,-0.16853992265693674,0.09731430499723953,-0.20092229203674164,0.06264371497692997,-0.06965429380869104,-0.05393757720187736,0.07982710814758144,0.0661355229421986,-0.0259954383814823,0.07364369422826615,-0.09556088578454675,0.02346551595306438,0.03747899921255802,-0.058861970549170466,0.3417647798494073,Google,Tech,Q3-2023
0.6046163369752562,0.3822944085811951,-0.002750361913476308,0.1500762946287392,0.09483276583397056,-0.1352428403924921,0.07620699087842184,-0.199350707485402,0.07113872922003667,-0.08358636972907689,-0.027513323869914383,0.1004538896981776,0.07266528112898539,-0.02666962666572227,0.07371548615053174,-0.08849684370535935,0.02463147756391065,0.041006052519056944,-0.07222543763983284,0.46273277007455504,Google,Tech,Q2-2024
0.5911994097316108,0.3601902906981507,-0.0033909905206248076,0.14176576379428046,0.09494862874525113,-0.1453573105527722,0.06950669181289659,-0.199846255174679,0.06095044517950627,-0.09845747421548298,-0.026072428598798988,0.1014949738326104,0.07561750243685776,-0.01561864020925039,0.04934402157480325,-0.07697123345481309,0.026318651720981683,0.005261784515399557,-0.07722292269223133,0.4282286719123592,Google,Tech,Q1-2025
0.6553575014969147,0.3276241601419215,-0.015507837377196396,0.165792765242648,0.07327455451454655,-0.1625757089204838,0.06342838438664468,-0.1714507576605907,0.05269815067500485,-0.0860872272334549,0.007380832620151315,0.06936026982730664,0.08286988932233967,-0.028435152642220476,0.07872801557631971,-0.0902572488439089,0.003978313599025076,0.007707930965057167,-0.07999050195641288,0.40837676631425157,Google,Tech,Q3-2024
0.6575589932252557,0.37298913442906667,-0.0025999944255984285,0.13661122575265555,0.10371692101748362,-0.12783302328526466,0.07403143640371436,-0.1783850299888405,0.07906568130419662,-0.0747196095145524,-0.021774579848643776,0.09779721114745966,0.059028937457418926,-0.02500350340793187,0.03625145958320011,-0.051447578376220895,-0.010745388829318414,0.044000990014305255,-0.08752460734833502,0.3808600418609494,Google,Tech,Q4-2024
0.6190981038468312,0.36272972726347036,-0.009286227680750435,0.1619405680812841,0.1070702575682871,-0.1751076128457138,0.09410558636467511,-0.19933040553177625,0.05418208346147354,-0.07467158329110878,-0.05941584783175827,0.0724450287217994,0.08360210286798021,-0.019122989316992117,0.0591668860571646,-0.08124014706629587,0.025801600799441077,0.028997219338571356,-0.05960272497209673,0.40899315113123447,Google,Tech,Q1-2024
0.6149571846123217,0.3329603299033971,-1.3991308209462765e-05,-0.008518125404473111,0.08844605059460332,0.009159447498433417,0.04680305971601591,-0.10144882911682723,0.04885732324158543,-0.24611728096638255,-0.0775981911596506,0.20280416108420324,0.01080956153829258,0.08593343846680665,-0.3757425973143555,0.3459640366765216,-0.07431013279532599,-0.05631447150767264,0.04687091932687154,-0.047811854410148506,Microsoft,Tech,Q3-2024
0.5991948869672251,0.34636966747806386,-0.0015962134326847673,-0.0006373368716298148,0.09827989760121379,0.003120202482238905,0.033363986113979005,-0.10796505650310434,0.06620775471820371,-0.21956114021296813,-0.07172593594910973,0.1836692795425801,-0.006436348020881105,0.05375185598436318,-0.346005721816059,0.34188839591506787,-0.08541411516140315,-0.05710275096060875,0.04347783908290944,-0.06976868913655367,Microsoft,Tech,Q1-2025
0.5177400859145572,0.3036775586853937,-0.0011075343710503747,-0.010770787361850408,0.0857208597784378,0.009952115393790192,0.03564241539010777,-0.0794332437112822,0.04834141012646735,-0.26228413810497875,-0.06970927220105796,0.2010650773100218,-0.0267739701461267,0.06640234134852291,-0.4207784216150149,0.41672629597363176,-0.08656143263350491,-0.07983485196432122,0.045309924064723554,-0.08956796814045105,Microsoft,Tech,Q3-2023
0.5831369045676572,0.31067220488615443,0.0003731750429705926,-0.021675885559707644,0.10479385330268508,0.004059809717732488,0.04321392858479902,-0.09501665544217712,0.054048672287428344,-0.23550574916924277,-0.07132399442399152,0.2010459709460277,-0.01961376005145625,0.08436529578206473,-0.4039414781834653,0.39164074217722794,-0.0846576558580913,-0.07352339040669692,0.044716555594331985,-0.06941544184248467,Microsoft,Tech,Q4-2024
0.5864186288791198,0.33987354885162563,-0.008136233863082319,-0.008104435368120588,0.07772255421047429,0.012617825798047447,0.0373115655194173,-0.09406528391525686,0.05296624686326296,-0.24907614068209513,-0.06679006418542976,0.19877577844863015,-0.012571790066127521,0.07277847216645904,-0.39047186434807285,0.38211716107953514,-0.08984112962108938,-0.05701634217993573,0.048631881137627855,-0.06217638874732558,Microsoft,Tech,Q4-2023
0.5604548248947241,0.31719485188660457,-0.01501524048940217,-0.025678540761584028,0.08824965180860889,0.009967949464372329,0.04043146293689552,-0.09904461569899933,0.056244221643780304,-0.26008273118576936,-0.08718797683747817,0.2085305531076544,-0.022851564928602446,0.07962025119703857,-0.42774677146444534,0.4062572156275402,-0.09209904339524576,-0.07801564966852398,0.03577743194773368,-0.09047910132226948,Microsoft,Tech,Q1-2024
0.5451169795759715,0.3150732553833316,-0.016005026879523813,-0.022908960005590083,0.09929609051191944,0.014371148026455532,0.0398566189577448,-0.10619349922446951,0.05653824139618509,-0.2603472459676321,-0.0774265468827656,0.20723533899038538,-0.02213866094124472,0.07506251602439867,-0.4180678833331893,0.3977421899280522,-0.09897830977453287,-0.08544258086172704,0.05717492521907563,-0.11994956564559452,Microsoft,Tech,Q2-2024
0.5916122788874324,0.30629683408823055,-0.0349380165046538,0.2286588131329523,0.08036841539169172,-0.2572572516829934,0.11402725441584392,-0.26078152288012435,0.017977685457080093,-0.06757860854384622,-0.056429850531816844,0.040746760437826886,0.18371743353903872,0.0375676724351502,0.1890225266233698,-0.2636413909744959,0.002108871162217997,-0.16506514918104467,0.050307619821626105,-0.2522388586712064,Meta,Tech,Q3-2024
0.6349940433760868,0.3312782004661544,-0.02939940311926944,0.20523044709657767,0.06918329004109043,-0.2073765185838084,0.08622431465340608,-0.2288603340973312,0.03323030466296062,-0.0551294971449845,-0.03485158597896665,0.045420656502589,0.16789291178175975,0.05387673075869499,0.17553029323107144,-0.2385488394504164,-0.010625177331265438,-0.1547890650176823,0.05728258492605576,-0.21989151729726966,Meta,Tech,Q4-2024
0.5443563983612129,0.28609843657348993,-0.025467780239746295,0.23623586132747088,0.08911707612655016,-0.264065055474393,0.12703485408299595,-0.2457136565501609,0.015440381813641824,-0.053238275166094036,-0.060416757380152626,0.03288244345301215,0.19481334010878473,0.036084158877156,0.19515805031847375,-0.2827011715992153,0.019844579137634683,-0.1770295081044999,0.04452973965711942,-0.3041325653092117,Meta,Tech,Q4-2023
0.5462640245447095,0.2984550014226793,-0.03129089316693903,0.20517939541743446,0.09163927311622498,-0.24914705300153792,0.10298264415862336,-0.2557466719130737,0.016333479185947828,-0.056097772962498245,-0.06096850681594737,0.0372864155425758,0.18399923570749077,0.06326550893053796,0.19722895227892695,-0.2819765415650837,0.01051450713576925,-0.18743451389005417,0.04374696130305608,-0.30243007374448555,Meta,Tech,Q3-2023
0.5572012164259931,0.3432485079378829,-0.008845528502023478,0.2206314983124176,0.1032949662135047,-0.24716865614963374,0.12064171024544663,-0.2600865596110925,0.030289402096383766,-0.055812423877987606,-0.0699031144775473,0.059161770233697494,0.18127291613873958,0.0479578000791788,0.1821560967123096,-0.26526416110103934,0.009521130007228533,-0.15599192288305508,0.05123273687399815,-0.27827628734961773,Meta,Tech,Q1-2025
0.5570021894577427,0.33797186154170905,-0.02464031536409705,0.23418027125580035,0.08625224927450673,-0.2597567970358741,0.11490507716104655,-0.26352437176157484,0.00940966858781562,-0.051397845785373604,-0.05558242921825229,0.035783750116897405,0.19545127776186547,0.05306203077744727,0.201291043250101,-0.2750633392293546,0.015256126724706916,-0.164769345824575,0.05419618372977518,-0.2765063764454673,Meta,Tech,Q1-2024
0.6151398399191541,0.3528608306387686,-0.01719010889908942,0.22259617833338063,0.08411616107416556,-0.2235274715870988,0.10701578214043714,-0.24182100315142196,0.03532773723644113,-0.048775913449876696,-0.038035346520298996,0.04141637803443441,0.17386259362245318,0.0414309432298834,0.19017899434931007,-0.2666182853873877,0.009597318764199449,-0.14255835475042622,0.047090365686549514,-0.23014417656196165,Meta,Tech,Q2-2024
0.481212452527173,-0.18908255637597005,-0.2908616616949948,-0.10154741736181633,-0.24130886911562924,-0.12226323444209483,-0.17633676053873548,-0.14739649649018982,0.18070883832298446,0.3605425089091593,0.29566032048407975,0.17253541152817176,0.2933209830253989,-0.15718329141003712,0.002752035244328956,0.1840523797995892,0.07608950027765968,-0.0003476988011926466,0.00011082615319532584,-0.006300478271874796,Blackstone,Finance,Q1-2024
0.4361507167038559,-0.23104432824537652,-0.2909851415240612,-0.11074949676526093,-0.26176858375018563,-0.11915070881566826,-0.18638944351958972,-0.1267879540153236,0.17005023948428294,0.3559024593098976,0.2857308695087364,0.16684352122359158,0.29928587394886014,-0.15874245530019765,0.0005055423449586499,0.18109743973250955,0.08720609165241379,-0.023271920193002362,0.023203125171597443,-0.0036315643747861256,Blackstone,Finance,Q3-2023
0.44067884393899937,-0.20519841973576766,-0.2884795391002025,-0.12059371710382408,-0.23479353018968158,-0.11659307399491406,-0.1734650959091517,-0.13986248632421242,0.18226623941406628,0.3843460779255339,0.29396090131122665,0.1672600038765666,0.296626862196518,-0.1684922856607862,-0.00010236200699444637,0.18653075741551572,0.08626433346175566,0.0008426454464720295,-0.0015926942919392687,-0.014788848540786709,Blackstone,Finance,Q3-2024
0.44909401414337796,-0.19006193524217935,-0.2897286779382342,-0.11024400271487436,-0.24739588512608238,-0.10446463502172733,-0.17650451021292088,-0.14100887309643748,0.18505849850104014,0.3858824097663887,0.2994961303145582,0.16978585456294068,0.30514585700099334,-0.1741866057518806,-0.001981639339777734,0.18883778145535415,0.0822925697412062,-0.007275774044079997,-0.005488299356681484,-0.017739469556825753,Blackstone,Finance,Q2-2024
0.4694325808456522,-0.20559580649054443,-0.29642653018101117,-0.10792964122856491,-0.24954406997132433,-0.11495581210032427,-0.18082490475115892,-0.13829876348105477,0.17785297885234447,0.3705567393199391,0.2907361491830218,0.15994099291367495,0.29184333111594246,-0.1721065382974228,0.0072215857465970906,0.18511475829945132,0.08521072886141223,-0.008093214166729928,-0.016749648466042995,-0.011229473693758213,Blackstone,Finance,Q4-2024
0.43290642994920076,-0.230527833551122,-0.29257663258794975,-0.09854801028549022,-0.25871772672506527,-0.11281894577361064,-0.16835599608369753,-0.12029424032203032,0.15690008349919765,0.35076573482510187,0.29195830967200237,0.16110683468476572,0.29390133507036664,-0.1531949820397601,0.002477052214904887,0.1851353039183234,0.06921643525425379,-0.03377109334282888,0.01997335144749056,-0.0019920703782953957,Blackstone,Finance,Q4-2023
0.4348382214633313,-0.24059814678955743,-0.2930489802562632,-0.1103801746747738,-0.252303615275195,-0.13604231446137982,-0.18903612356463992,-0.1481952676925601,0.17010939897123986,0.3286634266065438,0.25159978092171914,0.157268577865184,0.26803455586361236,-0.14202941693245902,0.005004213971391125,0.17881816447444926,0.09067504743256023,0.0006271098665815431,-0.0026405793849782777,-0.006354500922579159,Blackstone,Finance,Q1-2025
0.41219571609928096,-0.2679679110777625,-0.16764854447044028,0.010340944929985673,-0.21165190386171284,0.2901198235645452,0.47490616928876245,0.015157927096015822,0.08925618689495897,0.11808486868917327,0.07151906656627428,-0.0023689298408842534,0.02495657654496781,0.04825294571780562,-0.34603980604591733,-0.3247848105265529,-0.04289400951147613,0.014609613515274672,-0.04086398020573584,0.0003029188610091136,CBRE,RealEstate,Q4-2024
0.3656945159833615,-0.27115630834147786,-0.16666910569278306,0.011193610515111167,-0.22945699436760805,0.2934124266878509,0.47755991352139954,0.00596089348126148,0.09621352754787972,0.11130571279054088,0.06435802915816431,-0.001627174922889431,0.025187635668800966,0.0708427860534455,-0.35545530149193355,-0.3532827051951883,-0.041202691441160275,0.028385176220238294,-0.02869175405357685,0.0024791437437740463,CBRE,RealEstate,Q3-2024
0.3966028585406747,-0.3075020410700673,-0.18406604853514877,0.012926357600073013,-0.23346435835690973,0.2506065722271338,0.43091364931419585,-0.023002174120930495,0.08194944514713351,0.09205300675761459,0.06710464566183312,0.017214506646198367,0.06576511134750558,0.0593803127052256,-0.32963734118401317,-0.2899657711798998,-0.01229428219761501,0.008694957986314384,-0.020808521927607238,0.007347861638980333,CBRE,RealEstate,Q3-2023
0.37545103690691833,-0.30146127593604516,-0.16754885912428596,0.019854271005475793,-0.21169472082930393,0.26351283081558513,0.4466561579143601,-0.022405967307947833,0.09076267444068266,0.09523370073454081,0.05143325858703269,0.013128703678995247,0.039100079872128324,0.06451051891331162,-0.3870518573431565,-0.3312400784661152,-0.011478198478687276,0.02308427654153682,-0.031205311053331894,0.011971198002871846,CBRE,RealEstate,Q4-2023
0.342140375616058,-0.25526266307070006,-0.1514996501891845,0.004029263177691236,-0.20293656491136708,0.276895866483441,0.4652457532352456,0.0036042814631831767,0.09142810600299191,0.09780182358022893,0.054217729009422254,-0.007006275994232922,0.015403439946444114,0.047491681364937595,-0.4114645730311881,-0.3685144242708044,-0.029104898217940885,0.030534642892210178,-0.03737630873689827,0.010937851664068833,CBRE,RealEstate,Q2-2024
0.31958353959507974,-0.27932061998028984,-0.13777955542370696,0.02047245238794273,-0.18712204259902812,0.26968916522526526,0.4833911456863772,0.00033813538386912555,0.07927470699445457,0.0594620381005165,0.028666483199889257,0.006049387043425629,0.017598112091946637,0.07454901691113457,-0.389760633413282,-0.35339222926390623,-0.014324998679124555,0.025484392473419076,-0.028746455838421364,0.014733446250488214,CBRE,RealEstate,Q1-2024
0.35548587265630915,-0.2799220361043329,-0.1625256831511018,0.01855485089289796,-0.20887382752355774,0.2621283077715138,0.45946812762960165,-0.011254562260998673,0.08726245323068514,0.07560246682707818,0.05580170288415001,0.011550809389840612,0.0036151654475908125,0.09291884210676625,-0.3529634167487513,-0.33995898945632647,-0.03476335442917673,0.025141118889294344,-0.0008338977063450125,0.010180422227289593,CBRE,RealEstate,Q1-2025
0.6082335394670311,0.3406474238208225,-0.008182920525266627,-0.12242777941712667,-0.06987473638781705,0.26017866307172083,-0.09645298307978138,0.21276522298109352,0.07338162236617292,0.19613682379344202,0.08276783912804765,-0.17321055516068654,-0.1477519138333098,0.028941510612122714,0.07532929737919708,0.007671702696952251,-0.18757956648275653,-0.26751537486577887,-0.028872115677984596,0.05755106380605594,AMD,Semiconductors,Q1-2023
0.5925500000246161,0.3346712864138927,0.01515432383914102,-0.11365129593055202,-0.05418699877844189,0.25733562953669264,-0.09837749823160435,0.2277968762515963,0.061341443029404814,0.19467635619879384,0.09151550800702683,-0.18411285133057262,-0.16090734917511929,0.05526875316029511,0.08629370853369542,-0.0052635563973183605,-0.1748773121552865,-0.36432542292968456,-0.025754564388232305,0.055421822632221056,AMD,Semiconductors,Q2-2024
0.5929333956590063,0.3562605948409545,0.012137610446252728,-0.12797673445778218,-0.04910352783386657,0.27146480195103895,-0.0980968918247288,0.2225825761917216,0.09149271534913177,0.2009995072990876,0.08975401221643553,-0.1693071303224467,-0.1766548971619811,0.04020667947869945,0.055526709742416816,0.022868900834119615,-0.18299359499916557,-0.31816278010361077,-0.024578214656081933,0.047330210573417214,AMD,Semiconductors,Q3-2024
0.5777157702650116,0.3366223389555097,-0.0026001242969619647,-0.1244078945606815,-0.05148245711537556,0.2644594757851977,-0.09497377620858584,0.210814786740068,0.09628849910850135,0.22897763563142023,0.08632242826058598,-0.18421272570499697,-0.18720820204426938,0.019056573576139983,0.0861832375122761,-0.006216910491419412,-0.2009052136440096,-0.31310344501600385,-0.03711481003271461,0.029517299470697096,AMD,Semiconductors,Q4-2024
0.5886882784601766,0.316116014857002,0.004785504921153842,-0.11684797137018231,-0.06945788940238312,0.26251457433700753,-0.10558419679641137,0.23504076905363394,0.06130074837515704,0.205393052086931,0.1024099691872628,-0.18925751139757377,-0.17807222717891297,0.043044704701591864,0.08189350793283119,0.00022847219264691412,-0.16777721658403372,-0.3485184240718301,-0.004428341629592085,0.02774551004385572,AMD,Semiconductors,Q1-2024
0.5931545872001481,0.3117363978468244,0.015678589174504886,-0.11127851595523497,-0.06061733247648472,0.22009736800874022,-0.10196791317485471,0.20075801976173366,0.030182898653252944,0.13829765743648242,0.05688638639858851,-0.15782337897197732,-0.12997227240746237,0.05332131304726968,0.0764359925185544,-0.0014671882497182724,-0.13357601286009074,-0.35437879442360565,-0.0011160824239906657,0.0648250435456984,AMD,Semiconductors,Q2-2023
0.6243542668593204,0.3195399805270453,-0.006399231068942132,-0.11261482381308303,-0.08213172260162248,0.251215052792551,-0.11415194375386474,0.22530946384522063,0.051721803194736446,0.19018488530926322,0.09784859744186114,-0.18222599695867506,-0.1578864715275158,0.05441780999875611,0.07910746228356665,0.0012397747795094356,-0.16702682368732955,-0.3476006289275532,-0.00425368189805429,0.02484544436189416,AMD,Semiconductors,Q3-2023
0.5961034926279203,0.3070761210199383,0.014226537048980553,-0.11735010598379589,-0.0716147080483357,0.2619010966960981,-0.1159663999684396,0.24580000024354876,0.053524281496101285,0.1956388667050002,0.10483912275210122,-0.19435281680668626,-0.1548977368894467,0.05045304470457892,0.0910951144684859,-0.006465476013626786,-0.17455149625056623,-0.369020702724115,0.0013161488333196338,0.041284852338168934,AMD,Semiconductors,Q4-2023
0.35790625339863597,-0.045489251385197875,-0.02330073490688313,0.43541716014556503,0.05631849618461146,-0.447206414074737,0.180731065080728,0.09699555296774921,-0.2254822091027442,0.3684595119319986,-0.13248447822778703,-0.324377343235331,-0.09276426158338291,0.07830379635616,-0.11714216270003983,0.16985993676590488,0.05508022252685076,0.0476428109683791,-0.001136117037399867,-0.0007933830183538774,Netflix,Tech,Q2-2024
0.3675478765163618,-0.05992922616092553,-0.018339940337242663,0.41726802623209974,0.05915349264568608,-0.4291898884795956,0.1791271136065099,0.11022497905417404,-0.21734929245514384,0.36287034483037856,-0.13673542097346314,-0.29755459869934114,-0.10727761175075622,0.07533591869612052,-0.11990566516087728,0.16283485845299692,0.06106691848863463,0.05762048487517969,-0.0006760622149021944,-0.0031408332868840426,Netflix,Tech,Q1-2025
0.3607660859161017,-0.06798545092783612,-0.03394976030871657,0.4176718578021619,0.04467318865050826,-0.4315664740751112,0.16477174520796264,0.11169176905820796,-0.2236245591647893,0.36398813257594714,-0.13181774273481223,-0.3135510152978747,-0.09793808703276462,0.06850404449926371,-0.11842658668135943,0.17123361017617464,0.055341221727867276,0.04822735958326,-0.007941025808807494,0.0012688905015661397,Netflix,Tech,Q3-2024
0.3190231573014333,-0.07683569074210003,-0.031218001925895706,0.4142976265018851,0.04335648742363761,-0.4292725044553305,0.1734943923887317,0.11551335784438482,-0.23489064398589712,0.3916157520822581,-0.13290272018013835,-0.3393797694623912,-0.10948165501337855,0.08872171966801365,-0.14137740721937025,0.20456112760960093,0.054090152117680604,0.052189522325341936,-0.002289106160282102,-0.019618947437247576,Netflix,Tech,Q4-2023
0.315883697455875,-0.07513649064607902,-0.021089272115789884,0.4074858288046395,0.056541568337570444,-0.42254903116771525,0.17395731416292984,0.1235192321551156,-0.21931939228529876,0.36961407186837025,-0.13707918513631737,-0.30646911332238236,-0.11460859313422511,0.07011847721404281,-0.14563987399911818,0.20005702905151762,0.05402298329731684,0.0632235836824705,-0.011215673354043115,-0.0089260530510863,Netflix,Tech,Q4-2024
0.457702973244859,-0.11981391817018108,0.014110742570714613,0.383399932043297,0.01460845617515215,-0.3948215530738248,0.10087179691399964,0.15723996728959674,-0.14525379354604712,0.2422347451185495,-0.08624427566074679,-0.1657728017428187,-0.039949461191830626,0.02975957373416272,-0.06013552310229198,0.0769975638827364,-0.02745985158008252,0.008356180163780626,0.014869989021586077,0.002079762300900749,Netflix,Tech,Q3-2023
0.32876472874032947,-0.09194396545571352,-0.021265016472277777,0.4057104564662095,0.041656429175926275,-0.4164678361671985,0.16523731454863436,0.1236720237441354,-0.2314820831624628,0.37851154917158386,-0.12662131086739828,-0.33399711593577835,-0.11802382694030417,0.0813448648130488,-0.1436859329151252,0.20580456950293893,0.06168827227148254,0.06306623919180827,-0.0019232059781277909,-0.0018915146659360422,Netflix,Tech,Q1-2024
0.5367141200132306,0.37521521809866376,0.032538312384106885,-0.05372939350170861,0.037251719291935645,0.15987734222436198,-0.03457640021752462,0.10472439074770941,0.10648515552936404,0.13897578031285363,0.06294412405522032,-0.06423620978741998,-0.09190643194741163,-0.04776431129975051,0.10002350832573621,-0.020610629403049165,-0.1732263120304459,0.34438073513642997,-0.013934553639491117,-0.12265834080988137,Nvidia,Semiconductors,Q1-2023
0.50205064655806,0.4860712446158702,0.049784320766628046,-0.04438355784288609,0.06655702088535405,0.16179057874918432,0.0009488471805546153,0.027541911594429487,0.1704995045880255,0.14052072081062308,0.04739616570173601,-0.008048704215810512,-0.10765496149759453,-0.0662093258020712,0.08388180799235376,-0.008812704964093407,-0.1856901987487143,0.48177571378838374,-0.016921631034306366,-0.0730618891419189,Nvidia,Semiconductors,Q1-2024
0.45493950917497006,0.2906680340195376,0.03582776654925804,-0.0827855872490334,0.018670443276665307,0.17633492092509467,-0.03858112404652755,0.145443734783337,0.085364482740526,0.14293147738197873,0.08046820737949961,-0.11525677944012308,-0.09032462510246093,-0.03997013371854188,0.07592671262149998,0.008287231493599782,-0.17964613350355355,0.3615625815955258,-0.0022979850820930904,-0.16797027040470572,Nvidia,Semiconductors,Q2-2023
0.5154456870394345,0.5051756708604178,0.06395990494614866,-0.027298292759632446,0.07508756751620367,0.12942302099683262,0.007125156418154983,0.0009114331424203464,0.1315633041036685,0.09319316404251066,0.02314910009145756,0.006939970162202792,-0.057897419516771666,-0.03268119050443491,0.1026700178835245,-0.04808439090985151,-0.11078443578519453,0.4121537455335663,-0.012099547139072896,-0.06684912966418088,Nvidia,Semiconductors,Q3-2024
0.5229986839865799,0.43499569221905554,0.05183291126785453,-0.023935278680230408,0.057351782112512996,0.1318774056828605,-0.007700194304618801,0.03103744925173183,0.1301987744364966,0.11471046759292948,0.05867428809775228,-0.005985746795021066,-0.054712131394948134,-0.02185954226981693,0.11323656921250626,-0.034333749980423725,-0.16637986393484588,0.4636607887012629,-0.012505524510421797,-0.1099129836285287,Nvidia,Semiconductors,Q4-2024
0.55527082491502,0.49429021444362387,0.05049642469618799,-0.027612479640995915,0.07466064759872254,0.1313885390401208,0.00408639338528275,0.0005360665446640387,0.15041062176529854,0.09085676818828392,0.03187155823928187,0.022578871895188996,-0.0819517297891949,-0.03830542304969289,0.05882412452915743,0.015693182452004947,-0.15267056405296026,0.42333339087427,-0.007232520236752202,-0.0511897626161291,Nvidia,Semiconductors,Q4-2023
0.5131483601375002,0.4256203384326197,0.041076773177911904,-0.06363700580662901,0.049348690970704726,0.1781387026292009,-0.017812296775252392,0.08923381069766477,0.1454233732117123,0.14038628326688732,0.06328620821564727,-0.046012529427701926,-0.09133721217289276,-0.03984437215188981,0.08256007726383727,0.0013733559436879936,-0.1989739778000345,0.45938724709823947,-0.007714014981028546,-0.10423814261204079,Nvidia,Semiconductors,Q3-2023
0.5024178776763719,0.47047396839516287,0.046795620162086896,-0.05408573999308022,0.056375073029505535,0.16831082196759956,-0.00551050460675895,0.04007924276394645,0.16088619703131082,0.16319070727489857,0.0626300329712026,-0.026844601281757793,-0.11344784198086041,-0.05364326593669572,0.10596211822205645,-0.027168317979266762,-0.182864485394241,0.46083955735365223,-0.02468199282310469,-0.10998069582184802,Nvidia,Semiconductors,Q2-2024
0.35584921474386116,-0.0020517514561748332,0.03444440353549134,-0.11225125060890317,-0.06599689246533694,0.06679390193344271,-0.12579532058460957,0.1784344860686562,-0.23419021958847275,-0.11869085831882446,0.08584998939728555,-0.005754811127154646,0.1715167520114834,0.3627883283377677,-0.026897055199346803,0.03782638294578341,0.08949486722715622,0.06092686263811215,-0.033854670098588,-0.039889758997827554,ASML,Semiconductors,Q4-2023
0.3865194973271264,-0.05186739521547506,0.07647204741077898,-0.08061782802610654,-0.13709185250316352,0.037171241032161524,-0.17474754160871148,0.2005262957042366,-0.34151673178805464,-0.1195990361245188,0.181140603072168,0.013161304946522968,0.2606851808992124,0.5379090455536817,0.04124996858401188,-0.021446620341461855,0.08214984745944223,0.12584257625976641,-0.03003894892565481,0.021204909346318027,ASML,Semiconductors,Q3-2023
0.38936947084186124,-0.031433762219578575,0.011944786650859034,-0.029040751312832534,-0.11382154839245598,0.026030622724741354,-0.1652159752855888,0.1974313433352614,-0.2649672798247135,-0.1279384682738618,0.19860128517651612,-2.7296313720112874e-05,0.2552005540216657,0.5440027402281327,0.045182213845809706,-0.0075219843710821665,0.05823960323979108,0.09721311411589188,-0.027872272940905402,0.03688554263933101,ASML,Semiconductors,Q3-2024
0.46603433287428614,-0.021204909407455865,0.010642564743457313,-0.036836569390864736,-0.10209171348396903,0.029839160677326983,-0.1583021294034508,0.18907094591611137,-0.24168450154094326,-0.12386482301504884,0.1794933882040576,0.0037548940913888816,0.20423908188224624,0.4879942824211236,0.03675688984318147,-0.0027000823377936493,0.04020041410970602,0.031033647999960823,-0.047498827506001824,-0.0002832061579618525,ASML,Semiconductors,Q4-2024
0.34007508165942235,-0.03049737162280737,0.04520019765223751,-0.04199822400077063,-0.10680693268709542,0.02559714344286982,-0.15793076928871144,0.19460582680934066,-0.2914109581864823,-0.11927223543792166,0.18907730316631047,0.010780730029365285,0.2541359496054194,0.5425804758381022,0.057279608501772036,-0.027795396097699446,0.08590513517270046,0.1349040525082911,-0.04410815246259417,0.03664613815404507,ASML,Semiconductors,Q1-2024
0.46603433287428614,-0.021204909407455865,0.010642564743457313,-0.036836569390864736,-0.10209171348396903,0.029839160677326983,-0.1583021294034508,0.18907094591611137,-0.24168450154094326,-0.12386482301504884,0.1794933882040576,0.0037548940913888816,0.20423908188224624,0.4879942824211236,0.03675688984318147,-0.0027000823377936493,0.04020041410970602,0.031033647999960823,-0.047498827506001824,-0.0002832061579618525,ASML,Semiconductors,Q2-2024
0.4429376943688652,-0.04413427215186114,0.05988938122873348,-0.05137770354312492,-0.12650572299990337,0.035056178175297416,-0.17311190844913438,0.18811547265064632,-0.28102023224018213,-0.1022722833704859,0.18477771282955685,0.014556387970738103,0.21829399494671953,0.45008883439171044,0.04052666933549969,-0.011862908482767488,0.04639950926126606,0.08389035849134746,-0.019250368389413765,-0.0011471532507475863,ASML,Semiconductors,Q2-2023
0.4012954833262797,-0.08141120608037011,0.038688986312962886,-0.0312948807871946,-0.14121420977312188,0.02612751499581429,-0.16050520652049974,0.18362285665260897,-0.29781922922037185,-0.12452857119197373,0.19037404168009664,0.014695844243958216,0.2182653386715657,0.5109067348203177,0.05853697758679424,-0.0371215341363132,0.05309928348820774,0.12309748852187623,-0.008422697057874342,0.0677864415075056,ASML,Semiconductors,Q1-2023
0.32950114316950174,-0.22520672823603632,-0.23106643020982767,-0.13163864387593732,-0.14316447269162275,-0.11663194656917836,-0.1653003672862128,-0.09501424315101083,0.03557051937528317,-0.08021232134074928,-0.1582337414982981,-0.041408314310018846,-0.23334990427904528,0.09699945115374764,0.037624548098813465,-0.10476501314356106,-0.05040237867638407,0.06913007997783246,0.5384044520146068,0.10738363542326651,JPMC,Finance,Q4-2024
0.4518045101353439,-0.28691042472907263,-0.29443378162524925,-0.16593156363198236,-0.19188415996648633,-0.1514947988012706,-0.21285831821826467,-0.11451644915535811,0.06136178800457678,-0.05752823986140924,-0.16226200941190963,-0.04240404294922704,-0.2352337582627757,0.08610966707233939,0.045710320383651845,-0.09518155074369282,-0.04821295786397527,0.07307424353610921,0.3881467140058764,0.05745058015644993,JPMC,Finance,Q3-2024
0.4937189056926561,-0.2792702631437585,-0.27404478205504207,-0.1530782586300592,-0.17506080852531464,-0.1286538812222436,-0.18831718270579037,-0.0960959164229916,0.04159357112946355,-0.09502725117953027,-0.1524021231034383,-0.04656147968456769,-0.23364415189302934,0.10929845612523263,0.03128033277304337,-0.09785395345158579,-0.06889151189392216,0.06256604710742887,0.3911461109682459,0.05799186450094981,JPMC,Finance,Q3-2023
0.5096436966504133,-0.280015428564828,-0.2938081904939947,-0.18718121464356904,-0.16106697249444857,-0.13849424837556268,-0.19398726966603658,-0.11845105320857022,0.04109628120959864,-0.08443818997141257,-0.1595191437126375,-0.04293884803131595,-0.21652950184398995,0.098472428677576,0.026878536247623704,-0.09254852734578445,-0.048720576343525446,0.03992045676366317,0.25188199607227824,0.03312227549576256,JPMC,Finance,Q4-2023
0.5028602256848043,-0.32395124595567115,-0.31043379730957704,-0.16544363525365352,-0.1917479217471666,-0.14292263400551292,-0.19938795289955752,-0.10977434938500309,0.049498491791421836,-0.05041954187994671,-0.14681879723274208,-0.030147275570233903,-0.18585426579125897,0.08746477109333627,0.029468641924202114,-0.07042301287888694,-0.04993170078676686,0.050218021217584924,0.22260597514112052,0.018907416670351944,JPMC,Finance,Q2-2024
0.2805565810569878,-0.19434887385370753,-0.19448879040290581,-0.10640551932451468,-0.1344999510667794,-0.10027332254405057,-0.1499729769123353,-0.08175465191558866,0.03452155449543324,-0.07094632364570164,-0.12619855699544744,-0.04016114067303312,-0.2134134080365387,0.09443171786311122,0.030700073924620454,-0.09753244445220688,-0.055333397096600734,0.06120165209592635,0.5772406693879883,0.11585690647655125,JPMC,Finance,Q1-2025
0.5119934444812317,-0.3299994356923168,-0.3209926018530929,-0.17461832639885233,-0.2046152860718839,-0.15288630872032244,-0.21461416959120097,-0.12141794496572768,0.06628710668670236,-0.0140053877791151,-0.10174021288856146,-0.01418652549820179,-0.15911239155274753,0.08125989442361631,0.026468146165014732,-0.05228166113117593,-0.04797676596340189,0.045715222390958564,0.32237260012319213,0.040126176900456306,JPMC,Finance,Q1-2024
0.37503279624977254,-0.2908728331376658,0.15983401019251398,0.18993560043639615,0.15806752308667246,-0.12138866436221388,-0.08875295747393597,0.438673475567516,0.08166600443277455,0.043215694848356245,-0.10172652186474196,0.41629433076489564,-0.05912390610692431,-0.05790880854597317,0.015283469917317145,-0.08060777260222945,-0.04782593372128087,-0.016602933250912628,-0.008857777620654171,-0.008347472301268274,SouthWest,Airlines,Q2-2024
0.40269294993750254,-0.3309681033613709,0.1681837934469437,0.19597419516525133,0.18689422277547618,-0.12765732299198404,-0.10912160148308303,0.46634897302845574,0.10138399452577629,0.03147834372559576,-0.06125356927527056,0.4251748355447759,-0.057100132970814045,-0.04712196526153592,0.016553695256824923,-0.10897166626213228,-0.055864999270462935,-0.023319593114663206,0.016687054981133907,-0.01111188530840092,SouthWest,Airlines,Q1-2023
0.39921363721217606,-0.31644895379178756,0.162667057458279,0.22258958789421943,0.14899657762038782,-0.10922742104442888,-0.10924162620836617,0.448658803404441,0.0948573518968835,0.0316314193938952,-0.06898804233643224,0.4026961440710717,-0.057501094960942446,-0.06394546630779997,0.012469679541187988,-0.10402320533897055,-0.05554176210479196,-0.016907954340314748,0.027238905248562557,-0.007280666654692654,SouthWest,Airlines,Q2-2023
0.3993716484000129,-0.295908008522049,0.1776414916253621,0.18745920961702892,0.1733549861250303,-0.13193565300949714,-0.09313152702820122,0.4876701951336635,0.08765359860243048,0.028912403404912114,-0.10743859288133122,0.4545366625741074,-0.05233741110924392,-0.07327721834547236,0.015371004334533422,-0.10802731627771214,-0.027144071127242732,-0.01707151129142423,0.010346007774588205,0.0057365845683353895,SouthWest,Airlines,Q1-2024
0.40586952034145046,-0.3162144132441259,0.18201487401180985,0.20393701623779978,0.18325101433404414,-0.13226268398735727,-0.08782232039950745,0.47604221854523276,0.1050185325948808,0.043694108467831935,-0.11427774931353916,0.44809727052226467,-0.05663706796852291,-0.06860350971049271,0.021660144416988384,-0.09658413938154142,-0.04464258225095764,-0.018358603159782647,-0.000862509120858679,0.004395730128353123,SouthWest,Airlines,Q4-2023
0.41206803965310335,-0.31724759534871483,0.15096981945729807,0.18221279554432404,0.1486045511755205,-0.13594208790433213,-0.08409524984909172,0.4713235199002175,0.08597057656482966,0.04396876377251801,-0.10415202828225081,0.404619925730347,-0.04429498774084289,-0.0938919516766172,0.019273792225741895,-0.10183827677860743,-0.037815402316139016,-0.027552479305316607,-0.02589605116783653,-0.011929243626231585,SouthWest,Airlines,Q4-2024
0.4071594295897707,-0.31250091879849884,0.18488891113142378,0.19663114500496565,0.17817091430689333,-0.12283880190544984,-0.10750964665404898,0.4750424170477627,0.09098312288459397,0.030806075605983516,-0.09107080460860768,0.4157086381855179,-0.051167046226081786,-0.06948980193422101,0.007400868819365333,-0.1015837002405495,-0.035192933543596185,-0.00627251784396132,0.009261702786113525,-0.003177440318057705,SouthWest,Airlines,Q3-2023
0.37413030304757416,-0.31852071140401544,0.178263127488642,0.2099559794657211,0.16362013352509583,-0.14590488001252214,-0.07539064473550311,0.4721353817563578,0.10266487420444241,0.043336385630872436,-0.11897024014741223,0.4223493040545353,-0.05406548802434873,-0.0918284765147287,0.015735456279377016,-0.11958951150650021,-0.03549198935090122,-0.009739751300572618,-0.022765633885214555,-0.009076371659473701,SouthWest,Airlines,Q3-2024
0.3180774952224906,-0.3240868308026747,0.575859217447671,-0.00034366160500220837,-0.09113960075074061,-0.07082445530613299,0.06862984515639121,-0.05494213407077587,0.4769924093095141,-0.13343851088831968,0.05309935583078946,-0.2833622323945583,0.049555742107208776,0.11037258308861499,0.043191095626723776,0.08616564804780366,0.08501832720783785,0.0013531023028877137,0.012235956817460633,0.0014261503890342334,AmericanAirlines,Airlines,Q3-2024
0.34085971083369465,-0.35258985285721095,0.5982201886460193,0.024137717037771407,-0.043948985048958826,-0.07613598213741612,0.037584216614173035,-0.01989274509703894,0.4574985938295901,-0.12168355976556462,0.05983627817815242,-0.2012427895339562,0.04173137847220869,0.08128702685200445,0.045993432375580776,0.08015819254183237,0.058373714978297776,0.00011469189446215142,-0.0027304044848573865,0.0003665146351371143,AmericanAirlines,Airlines,Q1-2023
0.285623981034816,-0.3411246865980746,0.608283133511933,0.010597660788168718,-0.05797054769960999,-0.07324275961732928,0.06109217060757547,-0.0027424030903021846,0.5116255165973308,-0.12921592050053665,0.032073555466626595,-0.2219408474211041,0.05608506637436291,0.09239031629687201,0.03706605120105453,0.07613987150617163,0.06972499567336915,0.006398525313297427,0.003701882797710358,-0.0050798406046280165,AmericanAirlines,Airlines,Q4-2023
0.3024357174580623,-0.36007184979696666,0.6212540554188337,0.008761751037052663,-0.0387660895035373,-0.06532231928854836,0.058821113185805914,-0.020580724473222706,0.4739725456853291,-0.11159920575536948,0.030181776450510768,-0.21234831252726674,0.052262551050902877,0.07316086424706632,0.05291854634874644,0.08716757352228953,0.05576334885392016,0.0033108533133337894,-0.004724017092208952,-0.005100967991577551,AmericanAirlines,Airlines,Q2-2023
0.2756123708725857,-0.32787894648059923,0.586098942235445,-0.010351927428911943,-0.08056949129875719,-0.06421813352239361,0.07604141316224702,-0.056415267912077995,0.49068395360443534,-0.12160660669177327,0.03948180563366875,-0.2778063926346771,0.04454756165650848,0.09177266095622258,0.03239017174376637,0.08919756403265659,0.10004815867244637,0.008941481816047253,0.01408905308448094,0.0017881792140456924,AmericanAirlines,Airlines,Q2-2024
0.3304072342642688,-0.35862325481321794,0.6123607242286686,0.013979822586914107,-0.06173219480283731,-0.08140895472356001,0.03468568823552644,-0.01506730733964513,0.4758882592498297,-0.11454820151249406,0.039010183692208066,-0.21034559979183276,0.0533408661731521,0.07726340838619873,0.0453818548869801,0.07848527574643213,0.047310184490564546,0.001636585169699175,-0.004811678842580908,-0.003040668918445016,AmericanAirlines,Airlines,Q3-2023
0.3072791431994101,-0.34617780885302507,0.6158765840775309,0.009097321559537536,-0.06089123015223042,-0.07413606223069097,0.05919364888597991,0.0015184849657707156,0.5036342489872818,-0.12772267768573825,0.02715656811186932,-0.2181312554416424,0.057372916330814615,0.08300254034271498,0.03472832042524193,0.07995629196764627,0.07423046336124117,0.005069576900213421,-0.00465959371119741,-0.008079725186196976,AmericanAirlines,Airlines,Q1-2024
0.3148462769429558,-0.3453927955916018,0.5738266870081791,0.0045723630486209955,-0.06891434230869437,-0.06696013716859557,0.05250997174139219,-0.04692254430277072,0.48256337403332106,-0.11948422681666344,0.04101281874154163,-0.25807522181409714,0.04355729416158163,0.09542778893522634,0.04122102710737555,0.09241561631117091,0.08611821282425537,-0.002427410323387188,0.008776255780106046,-0.0036500555377492914,AmericanAirlines,Airlines,Q4-2024
